AbiEi_3_N	regulation
AbiEi_4	regulation
ANAPC2	regulation
AphA_like	regulation
Arg_repressor	regulation
ARID	regulation
B-block_TFIIIC	regulation
Bac_DnaA_C	regulation
BetR	regulation
Bot1p	regulation
BrkDBD	regulation
Cdc6_C	regulation
CENP-B_N	regulation
Cro	regulation
Crp	regulation
CSN8_PSD8_EIF3K	regulation
Cullin_Nedd8	regulation
CUT	regulation
DDRGK	regulation
DEP	regulation
Dimerisation	regulation
Dimerisation2	regulation
DsrD	regulation
DUF1133	regulation
DUF1153	regulation
DUF1323	regulation
DUF134	regulation
DUF1441	regulation
DUF1492	regulation
DUF1495	regulation
DUF1670	regulation
DUF1804	regulation
DUF1836	regulation
DUF1870	regulation
DUF2089	regulation
DUF2250	regulation
DUF2316	regulation
DUF2582	regulation
DUF3116	regulation
DUF3253	regulation
DUF3853	regulation
DUF3860	regulation
DUF3908	regulation
DUF433	regulation
DUF4364	regulation
DUF4447	regulation
DUF480	regulation
DUF739	regulation
DUF742	regulation
DUF977	regulation
E2F_TDP	regulation
EAP30	regulation
ELL	regulation
ESCRT-II	regulation
Ets	regulation
Exc	regulation
F-112	regulation
FaeA	regulation
Fe_dep_repr_C	regulation
Fe_dep_repress	regulation
FeoC	regulation
FleQ	regulation
FokI_C	regulation
FokI_N	regulation
Forkhead	regulation
FtsK_gamma	regulation
Fungal_trans	regulation
Fungal_trans_2	regulation
FUR	regulation
GcrA	regulation
GerE	regulation
GntR	regulation
H-kinase_dim	regulation
HARE-HTH	regulation
HATPase_c	regulation
HATPase_c_2	regulation
HATPase_c_3	regulation
HATPase_c_5	regulation
HemN_C	regulation
HisKA	regulation
HisKA_2	regulation
HisKA_3	regulation
HNF-1_N	regulation
Homeobox_KN	regulation
Homeodomain	regulation
Homez	regulation
HPD	regulation
HrcA_DNA-bdg	regulation
HSF_DNA-bind	regulation
HTH_1	regulation
HTH_10	regulation
HTH_11	regulation
HTH_12	regulation
HTH_13	regulation
HTH_15	regulation
HTH_16	regulation
HTH_17	regulation
HTH_18	regulation
HTH_19	regulation
HTH_20	regulation
HTH_21	regulation
HTH_22	regulation
HTH_23	regulation
HTH_24	regulation
HTH_25	regulation
HTH_26	regulation
HTH_27	regulation
HTH_28	regulation
HTH_29	regulation
HTH_3	regulation
HTH_30	regulation
HTH_31	regulation
HTH_32	regulation
HTH_33	regulation
HTH_34	regulation
HTH_35	regulation
HTH_36	regulation
HTH_37	regulation
HTH_38	regulation
HTH_39	regulation
HTH_40	regulation
HTH_41	regulation
HTH_42	regulation
HTH_43	regulation
HTH_45	regulation
HTH_46	regulation
HTH_47	regulation
HTH_5	regulation
HTH_6	regulation
HTH_7	regulation
HTH_8	regulation
HTH_9	regulation
HTH_AraC	regulation
HTH_AsnC-type	regulation
HTH_CodY	regulation
HTH_Crp_2	regulation
HTH_DeoR	regulation
HTH_IclR	regulation
HTH_Mga	regulation
HTH_micro	regulation
HTH_OrfB_IS605	regulation
HTH_psq	regulation
HTH_Tnp_1	regulation
HTH_Tnp_1_2	regulation
HTH_Tnp_4	regulation
HTH_Tnp_IS1	regulation
HTH_Tnp_IS630	regulation
HTH_Tnp_ISL3	regulation
HTH_Tnp_Mu_1	regulation
HTH_Tnp_Mu_2	regulation
HTH_Tnp_Tc3_1	regulation
HTH_Tnp_Tc3_2	regulation
HTH_Tnp_Tc5	regulation
HTH_WhiA	regulation
HWE_HK	regulation
HxlR	regulation
IBD	regulation
IF2_N	regulation
IRF	regulation
KicB	regulation
KORA	regulation
KorB	regulation
La	regulation
LacI	regulation
LexA_DNA_bind	regulation
Linker_histone	regulation
LZ_Tnp_IS481	regulation
MADF_DNA_bdg	regulation
MarR	regulation
MarR_2	regulation
MerR	regulation
MerR_1	regulation
MerR_2	regulation
MerR-DNA-bind	regulation
Mga	regulation
Mnd1	regulation
Mor	regulation
MotA_activ	regulation
MqsA_antitoxin	regulation
MRP-L20	regulation
Myb_DNA-bind_2	regulation
Myb_DNA-bind_3	regulation
Myb_DNA-bind_4	regulation
Myb_DNA-bind_5	regulation
Myb_DNA-bind_6	regulation
Myb_DNA-bind_7	regulation
Myb_DNA-binding	regulation
Neugrin	regulation
NUMOD1	regulation
OKR_DC_1_N	regulation
OST-HTH	regulation
P22_Cro	regulation
PaaX	regulation
PadR	regulation
PAX	regulation
PCI	regulation
Penicillinase_R	regulation
Phage_AlpA	regulation
Phage_antitermQ	regulation
Phage_CI_repr	regulation
Phage_CII	regulation
Phage_rep_org_N	regulation
Phage_terminase	regulation
Pou	regulation
Pox_D5	regulation
PuR_N	regulation
Put_DNA-bind_N	regulation
Rap1-DNA-bind	regulation
RcsC	regulation
Rep_3	regulation
RepA_C	regulation
RepA_N	regulation
RepC	regulation
RepL	regulation
Replic_Relax	regulation
Response_reg	regulation
RFX_DNA_binding	regulation
Ribosomal_S19e	regulation
Ribosomal_S25	regulation
Rio2_N	regulation
RNA_pol_Rpc34	regulation
RP-C	regulation
RPA	regulation
RPA_C	regulation
RQC	regulation
Rrf2	regulation
RTP	regulation
RuvB_C	regulation
SAC3_GANP	regulation
SANT_DAMP1_like	regulation
SatD	regulation
SelB-wing_1	regulation
SelB-wing_2	regulation
SelB-wing_3	regulation
SgrR_N	regulation
Sigma54_CBD	regulation
Sigma54_DBD	regulation
Sigma70_ECF	regulation
Sigma70_ner	regulation
Sigma70_r2	regulation
Sigma70_r3	regulation
Sigma70_r4	regulation
Sigma70_r4_2	regulation
SLIDE	regulation
SMC_ScpB	regulation
SpoIIID	regulation
STN1_2	regulation
Sulfolobus_pRN	regulation
SWIRM	regulation
TadZ_N	regulation
TBPIP	regulation
Terminase_5	regulation
TetR_N	regulation
TFIIE_alpha	regulation
TFIIE_beta	regulation
TFIIF_alpha	regulation
TFIIF_beta	regulation
Tn7_Tnp_TnsA_C	regulation
Tn916-Xis	regulation
TraI_2_C	regulation
Trans_reg_C	regulation
TrfA	regulation
TrmB	regulation
Trp_repressor	regulation
UPF0122	regulation
Vir_act_alpha_C	regulation
YdaS_antitoxin	regulation
YjcQ	regulation
YokU	regulation
z-alpha	regulation
Zn_clus	regulation
2-Hacid_dh	tailoring
2-Hacid_dh_C	tailoring
2-oxoacid_dh	tailoring
2OG-Fe_Oxy_2	tailoring
2OG-FeII_Oxy	tailoring
3-dmu-9_3-mt	tailoring
3Beta_HSD	tailoring
3HCDH	tailoring
3HCDH_N	tailoring
4HBT	tailoring
5_nucleotid_C	tailoring
5-nucleotidase	tailoring
6PGD	tailoring
A_deaminase	tailoring
A2M	tailoring
AA_kinase	tailoring
AAA_2	tailoring
AAT	tailoring
ABATE	tailoring
Abhydro_lipase	tailoring
Abhydrolase_1	tailoring
Abhydrolase_2	tailoring
Abhydrolase_3	tailoring
Abhydrolase_4	tailoring
Abhydrolase_6	tailoring
Abhydrolase_8	tailoring
ABM	tailoring
ACCA	tailoring
Acetate_kinase	tailoring
AcetDehyd-dimer	tailoring
AcetylCoA_hydro	tailoring
Acetyltransf_1	tailoring
Acetyltransf_2	tailoring
Acid_phosphat_B	tailoring
Aconitase	tailoring
Aconitase_C	tailoring
ACP_syn_III	tailoring
ACP_syn_III_C	tailoring
ACPS	tailoring
ACT	tailoring
Acyl_CoA_thio	tailoring
Acyl_transf_1	tailoring
Acyl_transf_3	tailoring
Acyl-ACP_TE	tailoring
Acyl-CoA_dh_1	tailoring
Acyl-CoA_dh_2	tailoring
Acyl-CoA_dh_M	tailoring
Acyl-CoA_dh_N	tailoring
AcylCoA_DH_N	tailoring
Acyltransferase	tailoring
Ada_Zn_binding	tailoring
ADC	tailoring
Adenine_glyco	tailoring
Adenylsucc_synt	tailoring
ADH_N	tailoring
adh_short	tailoring
ADH_zinc_N	tailoring
AdoHcyase	tailoring
AdoHcyase_NAD	tailoring
AdoMet_dc	tailoring
ADP_ribosyl_GH	tailoring
ADSL_C	tailoring
AFG1_ATPase	tailoring
AfsA	tailoring
AftA_C	tailoring
AftA_N	tailoring
AhpC-TSA	tailoring
AICARFT_IMPCHas	tailoring
AIG1	tailoring
AIM24	tailoring
AIRC	tailoring
Ala_racemase_C	tailoring
Ala_racemase_N	tailoring
ALAD	tailoring
AlaDh_PNT_C	tailoring
AlaDh_PNT_N	tailoring
AlbA_2	tailoring
Ald_Xan_dh_C	tailoring
Ald_Xan_dh_C2	tailoring
Aldedh	tailoring
Aldo_ket_red	tailoring
Aldolase	tailoring
Aldolase_II	tailoring
Aldose_epim	tailoring
Alg14	tailoring
AlgF	tailoring
Alginate_lyase	tailoring
Alk_phosphatase	tailoring
ALO	tailoring
Alpha_L_fucos	tailoring
Alpha-amylase	tailoring
Alpha-amylase_C	tailoring
Amidase	tailoring
Amidase_2	tailoring
Amidase_3	tailoring
Amidinotransf	tailoring
Amidohydro_1	tailoring
Amidohydro_2	tailoring
Amidohydro_3	tailoring
AMIN	tailoring
Amino_oxidase	tailoring
Aminoglyc_resit	tailoring
Aminotran_1_2	tailoring
Aminotran_3	tailoring
Aminotran_4	tailoring
Aminotran_5	tailoring
ANF_receptor	tailoring
Anth_synt_I_N	tailoring
Antibiotic_NAT	tailoring
AP_endonuc_2	tailoring
ApbA	tailoring
ApbA_C	tailoring
APH	tailoring
APH_6_hur	tailoring
Apolipoprotein	tailoring
APS_kinase	tailoring
ArabFuran-catal	tailoring
AraC_binding	tailoring
ARD	tailoring
Arf	tailoring
Arginase	tailoring
Arginosuc_synth	tailoring
ArgJ	tailoring
AroM	tailoring
ArsB	tailoring
ArsC	tailoring
ArsP_1	tailoring
Arylsulfotrans	tailoring
Asn_synthase	tailoring
AsnC_trans_reg	tailoring
Asp_Arg_Hydrox	tailoring
Asp_decarbox	tailoring
Asp_Glu_race	tailoring
Asp23	tailoring
ATG22	tailoring
ATP_bind_1	tailoring
ATP_bind_3	tailoring
ATP-sulfurylase	tailoring
Atu4866	tailoring
AurF	tailoring
Autoind_synth	tailoring
Avidin	tailoring
AXE1	tailoring
AzlC	tailoring
B_lectin	tailoring
B12-binding	tailoring
B12-binding_2	tailoring
B3_4	tailoring
BAAT_C	tailoring
Bac_globin	tailoring
Bac_luciferase	tailoring
Bac_rhamnosid	tailoring
Bac_rhamnosid_N	tailoring
Bac_transf	tailoring
BacA	tailoring
Bacillus_HBL	tailoring
Bacteriocin_IIc	tailoring
Bacteriocin_IId	tailoring
Band_7	tailoring
BATS	tailoring
BBE	tailoring
BBP2_2	tailoring
BCHF	tailoring
BcsB	tailoring
BCSC_C	tailoring
Bestrophin	tailoring
Beta_elim_lyase	tailoring
Beta-lactamase	tailoring
Biopterin_H	tailoring
Biotin_carb_C	tailoring
Biotin_carb_N	tailoring
Biotin_lipoyl	tailoring
BioW	tailoring
BioY	tailoring
BKACE	tailoring
BLYB	tailoring
bMG3	tailoring
BNR	tailoring
BON	tailoring
Borrelia_orfD	tailoring
Borrelia_P13	tailoring
Borrelia_P83	tailoring
bPH_1	tailoring
bPH_6	tailoring
BPL_C	tailoring
BPL_LplA_LipB	tailoring
BPL_N	tailoring
BppU_N	tailoring
Branch	tailoring
C_GCAxxG_C_C	tailoring
C1q	tailoring
C5-epim_C	tailoring
Calx-beta	tailoring
CaMKII_AD	tailoring
CAP	tailoring
Caps_synth	tailoring
Caps_synth_GfcC	tailoring
Capsule_synth	tailoring
Carb_kinase	tailoring
Carbam_trans_N	tailoring
Carboxyl_trans	tailoring
CARDB	tailoring
Caroten_synth	tailoring
CAT	tailoring
Catalase	tailoring
Catalase-rel	tailoring
CbiA	tailoring
CBM_10	tailoring
CBM_20	tailoring
CBM_25	tailoring
CBM_48	tailoring
CBM_5_12	tailoring
CBM_6	tailoring
CBM9_1	tailoring
CBP_BcsF	tailoring
CBP_BcsG	tailoring
CBP_BcsR	tailoring
CBP_GIL	tailoring
CCG	tailoring
CCP_MauG	tailoring
CDO_I	tailoring
CDP-OH_P_transf	tailoring
Cellsynth_D	tailoring
Cellulase	tailoring
Cellulose_synt	tailoring
CgtA	tailoring
CHAP	tailoring
Chitin_synth_2	tailoring
Chlor_dismutase	tailoring
Chloroa_b-bind	tailoring
Chlorophyllase	tailoring
Choline_kinase	tailoring
Chorismate_bind	tailoring
Chorismate_synt	tailoring
ChpA-C	tailoring
ChuX_HutX	tailoring
ChW	tailoring
CitF	tailoring
CitG	tailoring
Citrate_ly_lig	tailoring
Citrate_synt	tailoring
CitX	tailoring
Clenterotox	tailoring
Clostridium_P47	tailoring
Clp_N	tailoring
CM_2	tailoring
CMAS	tailoring
CmcI	tailoring
CMD	tailoring
CN_hydrolase	tailoring
Cna_B	tailoring
cNMP_binding	tailoring
CO_deh_flav_C	tailoring
CoA_binding	tailoring
CoA_trans	tailoring
CoA_transf_3	tailoring
Coatomer_E	tailoring
Cob_adeno_trans	tailoring
CobD_Cbib	tailoring
CobN-Mg_chel	tailoring
cobW	tailoring
CobW_C	tailoring
COesterase	tailoring
Colicin	tailoring
Colicin_immun	tailoring
Colicin_V	tailoring
ComC	tailoring
CompInhib_SCIN	tailoring
ComZ	tailoring
Cons_hypoth95	tailoring
CopC	tailoring
CopD	tailoring
Coq4	tailoring
COX15-CtaA	tailoring
COXG	tailoring
CPBP	tailoring
Cpn10	tailoring
CPSase_L_D2	tailoring
CPSase_L_D3	tailoring
CPT	tailoring
Creatininase	tailoring
CRR7	tailoring
CrtC	tailoring
CsiD	tailoring
CST-I	tailoring
CstA	tailoring
CTP_transf_3	tailoring
CTP_transf_like	tailoring
Cu_amine_oxidN1	tailoring
Cu-oxidase	tailoring
Cu-oxidase_2	tailoring
Cu-oxidase_3	tailoring
Cupin_1	tailoring
Cupin_2	tailoring
Cupin_3	tailoring
Cupin_4	tailoring
Cupin_5	tailoring
Cutinase	tailoring
Cyclase	tailoring
Cyclase_polyket	tailoring
Cys_Met_Meta_PP	tailoring
Cyt_bd_oxida_II	tailoring
Cyt-b5	tailoring
CYTH	tailoring
Cytidylate_kin	tailoring
CytoC_RC	tailoring
Cytochrom_C_2	tailoring
Cytochrom_C_asm	tailoring
Cytochrom_CIII	tailoring
Cytochrom_NNT	tailoring
Cytochrome_cB	tailoring
Cytokin-bind	tailoring
DAGK_cat	tailoring
DAGK_prokar	tailoring
DAHP_synth_1	tailoring
DAHP_synth_2	tailoring
Dala_Dala_lig_C	tailoring
Dala_Dala_lig_N	tailoring
DALR_2	tailoring
DAO	tailoring
DapB_C	tailoring
DapB_N	tailoring
DBI_PRT	tailoring
dCache_1	tailoring
dCMP_cyt_deam_1	tailoring
dCMP_cyt_deam_2	tailoring
DcrB	tailoring
DcuC	tailoring
DDR	tailoring
DegT_DnrJ_EryC1	tailoring
Dehydratase_LU	tailoring
Dehydratase_MU	tailoring
Dehydratase_SU	tailoring
DeoC	tailoring
DFP	tailoring
DHC	tailoring
DHDPS	tailoring
DHFR_1	tailoring
DHO_dh	tailoring
DHQ_synthase	tailoring
DHQS	tailoring
DHquinase_I	tailoring
DHquinase_II	tailoring
Diacid_rec	tailoring
DinB	tailoring
Dioxygenase_C	tailoring
Dioxygenase_N	tailoring
Disaggr_assoc	tailoring
Disaggr_repeat	tailoring
DIT1_PvcA	tailoring
DivIC	tailoring
DivIVA	tailoring
DLH	tailoring
DltD	tailoring
DmpG_comm	tailoring
DMT_YdcZ	tailoring
DNA_binding_1	tailoring
Docking	tailoring
DOT1	tailoring
DoxX	tailoring
DPPIV_N	tailoring
DS	tailoring
DSBA	tailoring
DsbB	tailoring
dTDP_sugar_isom	tailoring
DUF1002	tailoring
DUF1013	tailoring
DUF1073	tailoring
DUF1080	tailoring
DUF1097	tailoring
DUF1100	tailoring
DUF1107	tailoring
DUF1120	tailoring
DUF1127	tailoring
DUF1129	tailoring
DUF1132	tailoring
DUF1192	tailoring
DUF1205	tailoring
DUF1206	tailoring
DUF1214	tailoring
DUF1254	tailoring
DUF1275	tailoring
DUF1282	tailoring
DUF1286	tailoring
DUF1295	tailoring
DUF1298	tailoring
DUF1310	tailoring
DUF1322	tailoring
DUF1326	tailoring
DUF1327	tailoring
DUF1330	tailoring
DUF1350	tailoring
DUF1357	tailoring
DUF1360	tailoring
DUF1364	tailoring
DUF1367	tailoring
DUF1380	tailoring
DUF1398	tailoring
DUF1400	tailoring
DUF1422	tailoring
DUF1430	tailoring
DUF1433	tailoring
DUF1453	tailoring
DUF1463	tailoring
DUF1471	tailoring
DUF1473	tailoring
DUF1490	tailoring
DUF1501	tailoring
DUF1506	tailoring
DUF1510	tailoring
DUF1529	tailoring
DUF1539	tailoring
DUF1565	tailoring
DUF1574	tailoring
DUF16	tailoring
DUF1612	tailoring
DUF1617	tailoring
DUF1624	tailoring
DUF1627	tailoring
DUF1641	tailoring
DUF1643	tailoring
DUF1648	tailoring
DUF1652	tailoring
DUF1656	tailoring
DUF1672	tailoring
DUF1673	tailoring
DUF1697	tailoring
DUF1700	tailoring
DUF1702	tailoring
DUF1706	tailoring
DUF1707	tailoring
DUF1729	tailoring
DUF1731	tailoring
DUF1772	tailoring
DUF1778	tailoring
DUF179	tailoring
DUF1803	tailoring
DUF1828	tailoring
DUF1829	tailoring
DUF1835	tailoring
DUF1839	tailoring
DUF1842	tailoring
DUF1843	tailoring
DUF1864	tailoring
DUF1876	tailoring
DUF1883	tailoring
DUF190	tailoring
DUF1905	tailoring
DUF1906	tailoring
DUF1910	tailoring
DUF1911	tailoring
DUF1918	tailoring
DUF1924	tailoring
DUF1929	tailoring
DUF1932	tailoring
DUF1972	tailoring
DUF1974	tailoring
DUF1978	tailoring
DUF1980	tailoring
DUF1990	tailoring
DUF1992	tailoring
DUF202	tailoring
DUF2048	tailoring
DUF2061	tailoring
DUF2064	tailoring
DUF2070	tailoring
DUF2071	tailoring
DUF2075	tailoring
DUF2087	tailoring
DUF2092	tailoring
DUF21	tailoring
DUF212	tailoring
DUF2141	tailoring
DUF2142	tailoring
DUF2150	tailoring
DUF2154	tailoring
DUF2156	tailoring
DUF2172	tailoring
DUF218	tailoring
DUF2182	tailoring
DUF2187	tailoring
DUF2201	tailoring
DUF2206	tailoring
DUF2207	tailoring
DUF2236	tailoring
DUF2252	tailoring
DUF2268	tailoring
DUF2269	tailoring
DUF2273	tailoring
DUF2278	tailoring
DUF2283	tailoring
DUF2293	tailoring
DUF2298	tailoring
DUF2304	tailoring
DUF2306	tailoring
DUF2325	tailoring
DUF2326	tailoring
DUF2332	tailoring
DUF2334	tailoring
DUF234	tailoring
DUF2381	tailoring
DUF2383	tailoring
DUF2437	tailoring
DUF244	tailoring
DUF2461	tailoring
DUF2471	tailoring
DUF2501	tailoring
DUF2510	tailoring
DUF2511	tailoring
DUF2523	tailoring
DUF2530	tailoring
DUF2533	tailoring
DUF2536	tailoring
DUF2537	tailoring
DUF2559	tailoring
DUF2584	tailoring
DUF2587	tailoring
DUF2600	tailoring
DUF2608	tailoring
DUF261	tailoring
DUF2613	tailoring
DUF2628	tailoring
DUF2630	tailoring
DUF2637	tailoring
DUF2645	tailoring
DUF2653	tailoring
DUF2694	tailoring
DUF2710	tailoring
DUF2721	tailoring
DUF2723	tailoring
DUF2726	tailoring
DUF2730	tailoring
DUF2732	tailoring
DUF2749	tailoring
DUF2750	tailoring
DUF2752	tailoring
DUF2754	tailoring
DUF2755	tailoring
DUF276	tailoring
DUF2768	tailoring
DUF2771	tailoring
DUF2773	tailoring
DUF2778	tailoring
DUF2784	tailoring
DUF2786	tailoring
DUF2790	tailoring
DUF2793	tailoring
DUF2795	tailoring
DUF2797	tailoring
DUF2798	tailoring
DUF2804	tailoring
DUF2807	tailoring
DUF2808	tailoring
DUF2809	tailoring
DUF2811	tailoring
DUF2834	tailoring
DUF2839	tailoring
DUF2844	tailoring
DUF2848	tailoring
DUF2854	tailoring
DUF2859	tailoring
DUF2867	tailoring
DUF2868	tailoring
DUF2877	tailoring
DUF2884	tailoring
DUF2889	tailoring
DUF2891	tailoring
DUF2892	tailoring
DUF2895	tailoring
DUF2897	tailoring
DUF2911	tailoring
DUF2913	tailoring
DUF2917	tailoring
DUF2919	tailoring
DUF2920	tailoring
DUF2922	tailoring
DUF2924	tailoring
DUF2929	tailoring
DUF2933	tailoring
DUF2934	tailoring
DUF2938	tailoring
DUF2949	tailoring
DUF2950	tailoring
DUF2953	tailoring
DUF2957	tailoring
DUF2963	tailoring
DUF2964	tailoring
DUF2968	tailoring
DUF2970	tailoring
DUF2971	tailoring
DUF2974	tailoring
DUF2976	tailoring
DUF2982	tailoring
DUF3000	tailoring
DUF3017	tailoring
DUF3027	tailoring
DUF3029	tailoring
DUF3037	tailoring
DUF3038	tailoring
DUF3039	tailoring
DUF3040	tailoring
DUF3043	tailoring
DUF3046	tailoring
DUF3048	tailoring
DUF305	tailoring
DUF3050	tailoring
DUF3052	tailoring
DUF3054	tailoring
DUF3071	tailoring
DUF3079	tailoring
DUF3085	tailoring
DUF3086	tailoring
DUF3089	tailoring
DUF309	tailoring
DUF3093	tailoring
DUF3097	tailoring
DUF3098	tailoring
DUF3099	tailoring
DUF31	tailoring
DUF3102	tailoring
DUF3106	tailoring
DUF3108	tailoring
DUF3117	tailoring
DUF3119	tailoring
DUF3131	tailoring
DUF3135	tailoring
DUF3138	tailoring
DUF3139	tailoring
DUF3141	tailoring
DUF3142	tailoring
DUF3145	tailoring
DUF3149	tailoring
DUF3152	tailoring
DUF3153	tailoring
DUF3159	tailoring
DUF3164	tailoring
DUF3169	tailoring
DUF3182	tailoring
DUF3185	tailoring
DUF3188	tailoring
DUF3224	tailoring
DUF3225	tailoring
DUF3231	tailoring
DUF3237	tailoring
DUF3261	tailoring
DUF3262	tailoring
DUF3263	tailoring
DUF3265	tailoring
DUF3268	tailoring
DUF3272	tailoring
DUF3275	tailoring
DUF3278	tailoring
DUF3280	tailoring
DUF3290	tailoring
DUF3291	tailoring
DUF3298	tailoring
DUF3299	tailoring
DUF3300	tailoring
DUF3303	tailoring
DUF3309	tailoring
DUF3311	tailoring
DUF3313	tailoring
DUF3325	tailoring
DUF3327	tailoring
DUF3333	tailoring
DUF3335	tailoring
DUF3341	tailoring
DUF3349	tailoring
DUF3364	tailoring
DUF3365	tailoring
DUF3367	tailoring
DUF3372	tailoring
DUF3375	tailoring
DUF3376	tailoring
DUF3382	tailoring
DUF3391	tailoring
DUF3410	tailoring
DUF3413	tailoring
DUF3417	tailoring
DUF3418	tailoring
DUF3422	tailoring
DUF3426	tailoring
DUF3427	tailoring
DUF3438	tailoring
DUF3440	tailoring
DUF3443	tailoring
DUF3445	tailoring
DUF3450	tailoring
DUF3459	tailoring
DUF3461	tailoring
DUF3463	tailoring
DUF3466	tailoring
DUF347	tailoring
DUF3470	tailoring
DUF3471	tailoring
DUF3473	tailoring
DUF3479	tailoring
DUF3482	tailoring
DUF3485	tailoring
DUF3487	tailoring
DUF3489	tailoring
DUF3492	tailoring
DUF3493	tailoring
DUF3499	tailoring
DUF350	tailoring
DUF3500	tailoring
DUF3516	tailoring
DUF3520	tailoring
DUF3530	tailoring
DUF354	tailoring
DUF3551	tailoring
DUF3552	tailoring
DUF3556	tailoring
DUF3558	tailoring
DUF3560	tailoring
DUF3561	tailoring
DUF3564	tailoring
DUF3567	tailoring
DUF3568	tailoring
DUF3573	tailoring
DUF3577	tailoring
DUF3578	tailoring
DUF3584	tailoring
DUF3597	tailoring
DUF3603	tailoring
DUF3606	tailoring
DUF3618	tailoring
DUF362	tailoring
DUF3623	tailoring
DUF364	tailoring
DUF3649	tailoring
DUF3658	tailoring
DUF371	tailoring
DUF3710	tailoring
DUF3734	tailoring
DUF3748	tailoring
DUF3772	tailoring
DUF3775	tailoring
DUF393	tailoring
DUF397	tailoring
DUF402	tailoring
DUF417	tailoring
DUF423	tailoring
DUF429	tailoring
DUF43	tailoring
DUF442	tailoring
DUF445	tailoring
DUF454	tailoring
DUF465	tailoring
DUF469	tailoring
DUF496	tailoring
DUF520	tailoring
DUF551	tailoring
DUF559	tailoring
DUF562	tailoring
DUF575	tailoring
DUF603	tailoring
DUF643	tailoring
DUF664	tailoring
DUF676	tailoring
DUF685	tailoring
DUF693	tailoring
DUF726	tailoring
DUF732	tailoring
DUF735	tailoring
DUF746	tailoring
DUF751	tailoring
DUF759	tailoring
DUF764	tailoring
DUF771	tailoring
DUF777	tailoring
DUF787	tailoring
DUF792	tailoring
DUF805	tailoring
DUF836	tailoring
DUF853	tailoring
DUF87	tailoring
DUF874	tailoring
DUF883	tailoring
DUF885	tailoring
DUF892	tailoring
DUF899	tailoring
DUF900	tailoring
DUF903	tailoring
DUF915	tailoring
DUF922	tailoring
DUF938	tailoring
DUF948	tailoring
DUF960	tailoring
DUF968	tailoring
DUF973	tailoring
DUF98	tailoring
DUF982	tailoring
DUF995	tailoring
Dus	tailoring
dUTPase	tailoring
DXP_redisom_C	tailoring
DXP_reductoisom	tailoring
Dyp_perox	tailoring
E1_dh	tailoring
EAL	tailoring
EccE	tailoring
ECF-ribofla_trS	tailoring
ECH_1	tailoring
EcKinase	tailoring
Ectoine_synth	tailoring
EHN	tailoring
EKR	tailoring
ELFV_dehydrog	tailoring
ELFV_dehydrog_N	tailoring
Eno-Rase_FAD_bd	tailoring
Eno-Rase_NADH_b	tailoring
Enoyl_reductase	tailoring
Epimerase	tailoring
Epimerase_2	tailoring
EPSP_synthase	tailoring
ERAP1_C	tailoring
Erp_C	tailoring
Erythro_esteras	tailoring
Esterase	tailoring
Esterase_phd	tailoring
ETF	tailoring
ETF_alpha	tailoring
ETF_QO	tailoring
EthD	tailoring
EutN_CcmL	tailoring
EutQ	tailoring
Exostosin	tailoring
F_bP_aldolase	tailoring
F420_ligase	tailoring
F420_oxidored	tailoring
F420H2_quin_red	tailoring
F5_F8_type_C	tailoring
FA_desaturase	tailoring
FA_desaturase_2	tailoring
FA_hydroxylase	tailoring
FAA_hydrolase	tailoring
FabA	tailoring
FAD_binding_1	tailoring
FAD_binding_2	tailoring
FAD_binding_3	tailoring
FAD_binding_4	tailoring
FAD_binding_5	tailoring
FAD_binding_6	tailoring
FAD_binding_7	tailoring
FAD_binding_8	tailoring
FAD_binding_9	tailoring
FAD-oxidase_C	tailoring
FAD-SLDH	tailoring
FAE1_CUT1_RppA	tailoring
FBPase_glpX	tailoring
Fcf1	tailoring
FcoT	tailoring
FCSD-flav_bind	tailoring
FdhD-NarQ	tailoring
FdhE	tailoring
FdtA	tailoring
Fe_hyd_lg_C	tailoring
Fe_hyd_SSU	tailoring
Fe-ADH	tailoring
Fe-S_biosyn	tailoring
FemAB	tailoring
Fer2	tailoring
Fer2_2	tailoring
Fer2_BFD	tailoring
Fer4	tailoring
Fer4_19	tailoring
Fer4_NifH	tailoring
Ferric_reduct	tailoring
Ferritin	tailoring
Ferrochelatase	tailoring
FeS_assembly_P	tailoring
FGE-sulfatase	tailoring
FGGY_C	tailoring
FGGY_N	tailoring
FHA	tailoring
FhuF_C	tailoring
FinO_N	tailoring
FixG_C	tailoring
FixS	tailoring
FKBP_C	tailoring
Flavin_Reduct	tailoring
Flavodoxin_1	tailoring
Flavodoxin_2	tailoring
Flavoprotein	tailoring
FlpD	tailoring
FmdA_AmdA	tailoring
FMN_bind_2	tailoring
FMN_dh	tailoring
FMN_red	tailoring
FMO-like	tailoring
FmrO	tailoring
fn3_5	tailoring
Form-deh_trans	tailoring
Formyl_trans_C	tailoring
Formyl_trans_N	tailoring
FR47	tailoring
FRG	tailoring
Fructosamin_kin	tailoring
FSH1	tailoring
FTP	tailoring
FtsJ	tailoring
G_glu_transpept	tailoring
G5	tailoring
G6PD_C	tailoring
G6PD_N	tailoring
GAF	tailoring
Gallidermin	tailoring
GalP_UDP_transf	tailoring
Gamma_PGA_hydro	tailoring
GARS_A	tailoring
GATase	tailoring
GATase_2	tailoring
GATase_3	tailoring
Gate	tailoring
GBS_Bsp-like	tailoring
GcpE	tailoring
GCV_T	tailoring
GCV_T_C	tailoring
GDPD	tailoring
GerPB	tailoring
GerPC	tailoring
GerPE	tailoring
GFO_IDH_MocA	tailoring
GFO_IDH_MocA_C	tailoring
GGACT	tailoring
GGDEF	tailoring
GHL10	tailoring
GHMP_kinases_C	tailoring
GIDA	tailoring
GlcNAc	tailoring
GlcNAc_2-epim	tailoring
GLF	tailoring
Glt_symporter	tailoring
Glu_syn_central	tailoring
Glu_synthase	tailoring
Glucosamine_iso	tailoring
Glutaredoxin	tailoring
GlutR_dimer	tailoring
Gly_kinase	tailoring
Gly_transf_sug	tailoring
Glyco_hydro_1	tailoring
Glyco_hydro_10	tailoring
Glyco_hydro_114	tailoring
Glyco_hydro_12	tailoring
Glyco_hydro_127	tailoring
Glyco_hydro_14	tailoring
Glyco_hydro_15	tailoring
Glyco_hydro_16	tailoring
Glyco_hydro_18	tailoring
Glyco_hydro_2	tailoring
Glyco_hydro_2_C	tailoring
Glyco_hydro_2_N	tailoring
Glyco_hydro_20	tailoring
Glyco_hydro_20b	tailoring
Glyco_hydro_25	tailoring
Glyco_hydro_26	tailoring
Glyco_hydro_28	tailoring
Glyco_hydro_3	tailoring
Glyco_hydro_3_C	tailoring
Glyco_hydro_30	tailoring
Glyco_hydro_31	tailoring
Glyco_hydro_35	tailoring
Glyco_hydro_39	tailoring
Glyco_hydro_4	tailoring
Glyco_hydro_42	tailoring
Glyco_hydro_42C	tailoring
Glyco_hydro_42M	tailoring
Glyco_hydro_43	tailoring
Glyco_hydro_4C	tailoring
Glyco_hydro_6	tailoring
Glyco_hydro_62	tailoring
Glyco_hydro_77	tailoring
Glyco_hydro_8	tailoring
Glyco_hydro_88	tailoring
Glyco_hydro_cc	tailoring
Glyco_tran_28_C	tailoring
Glyco_tran_WecB	tailoring
Glyco_tranf_2_2	tailoring
Glyco_trans_4_3	tailoring
Glyco_transf_10	tailoring
Glyco_transf_11	tailoring
Glyco_transf_20	tailoring
Glyco_transf_25	tailoring
Glyco_transf_28	tailoring
Glyco_transf_5	tailoring
Glyco_transf_52	tailoring
Glyco_transf_7C	tailoring
Glyco_transf_8	tailoring
Glyco_transf_8C	tailoring
Glyco_transf_9	tailoring
Glyco_transf_90	tailoring
Glyco_transf_92	tailoring
Glycoamylase	tailoring
Glycogen_syn	tailoring
Glycos_trans_3N	tailoring
Glycos_transf_1	tailoring
Glycos_transf_2	tailoring
Glycos_transf_3	tailoring
Glycos_transf_4	tailoring
Glycos_transf_N	tailoring
Glyoxalase	tailoring
Glyphos_transf	tailoring
GMC_oxred_C	tailoring
GMC_oxred_N	tailoring
GMP_synt_C	tailoring
Gp58	tailoring
GPI	tailoring
Gpr1_Fun34_YaaH	tailoring
gpW	tailoring
GRDA	tailoring
GSDH	tailoring
GSH-S_ATP	tailoring
GSP_synth	tailoring
GST_C	tailoring
GST_N	tailoring
GT-D	tailoring
GTP_cyclohydro2	tailoring
GTP_cyclohydroI	tailoring
GTP_EFTU	tailoring
GTP_EFTU_D3	tailoring
GtrA	tailoring
Guanylate_cyc	tailoring
Guanylate_kin	tailoring
GXGXG	tailoring
Haem_degrading	tailoring
Halogen_Hydrol	tailoring
HD	tailoring
Head_binding	tailoring
HEAT_PBS	tailoring
HEM4	tailoring
Heme_oxygenase	tailoring
Hemerythrin	tailoring
HemolysinCabind	tailoring
HemY_N	tailoring
Hepar_II_III	tailoring
Hexapep	tailoring
Hexose_dehydrat	tailoring
HgmA	tailoring
HI0933_like	tailoring
HicB	tailoring
HigB_toxin	tailoring
His_biosynth	tailoring
His_kinase	tailoring
His_Phos_1	tailoring
His_Phos_2	tailoring
Histone_HNS	tailoring
HMA	tailoring
HMG_CoA_synt_C	tailoring
HMG_CoA_synt_N	tailoring
HMG-CoA_red	tailoring
HMGL-like	tailoring
HOK_GEF	tailoring
Holin_BhlA	tailoring
Holin_BlyA	tailoring
Homoserine_dh	tailoring
HpaB	tailoring
HpaB_N	tailoring
HpcH_HpaI	tailoring
Hpr_kinase_C	tailoring
Hpt	tailoring
HRDC	tailoring
HsdM_N	tailoring
HtrL_YibB	tailoring
Hva1_TUDOR	tailoring
HXXSHH	tailoring
Hyaluronidase_1	tailoring
Hydrolase	tailoring
Hydrolase_3	tailoring
Hydrolase_4	tailoring
IAT_beta	tailoring
ICL	tailoring
ICMT	tailoring
IDH	tailoring
IGPS	tailoring
IlvC	tailoring
ILVD_EDD	tailoring
IlvN	tailoring
IMPDH	tailoring
IMS	tailoring
IMS_C	tailoring
IMS_HHH	tailoring
Inhibitor_I10	tailoring
Inhibitor_I36	tailoring
Inos-1-P_synth	tailoring
Inositol_P	tailoring
Inovirus_Gp2	tailoring
Iso_dh	tailoring
Isochorismatase	tailoring
IspD	tailoring
IstB_IS21_ATP	tailoring
IucA_IucC	tailoring
JmjC	tailoring
KAP_NTPase	tailoring
KdgM	tailoring
Kdo	tailoring
Kdo_hydroxy	tailoring
KduI	tailoring
Kelch_1	tailoring
KH_1	tailoring
KR	tailoring
KTI12	tailoring
Ku	tailoring
L_biotic_typeA	tailoring
Lactamase_B	tailoring
Lactococcin_972	tailoring
Lactonase	tailoring
LAM_C	tailoring
Lambda_Bor	tailoring
Laminin_G_2	tailoring
Lant_dehydr_N	tailoring
LapA_dom	tailoring
LCAT	tailoring
LCM	tailoring
Ldh_1_C	tailoring
Ldh_1_N	tailoring
Ldh_2	tailoring
LEH	tailoring
Leukocidin	tailoring
LGFP	tailoring
LGT	tailoring
LHC	tailoring
LicD	tailoring
Ligase_CoA	tailoring
LigB	tailoring
LIP	tailoring
Lip_A_acyltrans	tailoring
Lipase_2	tailoring
Lipase_3	tailoring
Lipase_GDSL	tailoring
Lipoprotein_15	tailoring
Lipoprotein_6	tailoring
Lipoprotein_9	tailoring
LMWPc	tailoring
Lon_C	tailoring
LPG_synthase_TM	tailoring
LPMO_10	tailoring
Lpp-LpqN	tailoring
LppX_LprAFG	tailoring
LpxB	tailoring
Lsr2	tailoring
LtrA	tailoring
LuxC	tailoring
LuxE	tailoring
Lyase_1	tailoring
Lyase_aromatic	tailoring
Lycopene_cycl	tailoring
LysE	tailoring
LYTB	tailoring
Mac	tailoring
Macro	tailoring
Malate_synthase	tailoring
malic	tailoring
Malic_M	tailoring
MannoseP_isomer	tailoring
Mannosyl_trans2	tailoring
MaoC_dehydratas	tailoring
MAP	tailoring
MatC_N	tailoring
MauE	tailoring
MazG	tailoring
MBOAT	tailoring
MbtH	tailoring
Mce4_CUP1	tailoring
MCM	tailoring
MCPsignal	tailoring
MctB	tailoring
MDMPI_C	tailoring
MDMPI_N	tailoring
MecA_N	tailoring
MelC1	tailoring
Melibiase	tailoring
MepB	tailoring
MerC	tailoring
Met_10	tailoring
Met_asp_mut_E	tailoring
Met_synt_B12	tailoring
Metal_hydrol	tailoring
Metalloenzyme	tailoring
Metallophos	tailoring
Meth_synt_1	tailoring
Meth_synt_2	tailoring
Methyltr_RsmB-F	tailoring
Methyltrans_SAM	tailoring
Methyltransf_11	tailoring
Methyltransf_12	tailoring
Methyltransf_13	tailoring
Methyltransf_14	tailoring
Methyltransf_15	tailoring
Methyltransf_19	tailoring
Methyltransf_2	tailoring
Methyltransf_20	tailoring
Methyltransf_28	tailoring
Methyltransf_3	tailoring
Methyltransf_30	tailoring
Methyltransf_33	tailoring
Methyltransf_4	tailoring
Methyltransf_9	tailoring
MethyltransfD12	tailoring
MetW	tailoring
MFS_4	tailoring
Mg_chelatase	tailoring
Mg_trans_NIPA	tailoring
Mg-por_mtran_C	tailoring
MG2	tailoring
MGDG_synth	tailoring
MGS	tailoring
MgsA_C	tailoring
MgtC	tailoring
Mig-14	tailoring
MIP	tailoring
MipZ	tailoring
Mito_carr	tailoring
Mitofilin	tailoring
MlaD	tailoring
Mlp	tailoring
Mltc_N	tailoring
MM_CoA_mutase	tailoring
MmgE_PrpD	tailoring
Mn_catalase	tailoring
MoaC	tailoring
MoaE	tailoring
MoaF	tailoring
Mob_synth_C	tailoring
MobB	tailoring
MoCF_biosynth	tailoring
Molybdop_Fe4S4	tailoring
Molybdopterin	tailoring
Molydop_binding	tailoring
MOSC	tailoring
Mqo	tailoring
MR_MLE_N	tailoring
MreB_Mbl	tailoring
MSP1b	tailoring
MTHFR	tailoring
MTHFR_C	tailoring
MtrB_PioB	tailoring
MTS	tailoring
MttA_Hcf106	tailoring
MucBP	tailoring
Mur_ligase_M	tailoring
MutS_I	tailoring
MutS_II	tailoring
MutS_III	tailoring
MutS_IV	tailoring
MutS_V	tailoring
N_methyl	tailoring
N6_Mtase	tailoring
NAD_binding_1	tailoring
NAD_binding_2	tailoring
NAD_binding_3	tailoring
NAD_binding_4	tailoring
NAD_binding_5	tailoring
NAD_Gly3P_dh_C	tailoring
NAD_Gly3P_dh_N	tailoring
NAD_synthase	tailoring
NADH_4Fe-4S	tailoring
NADH5_C	tailoring
NanE	tailoring
NAS	tailoring
Ndr	tailoring
Neisseria_TspB	tailoring
Neocarzinostat	tailoring
NeuB	tailoring
NHase_alpha	tailoring
NHase_beta	tailoring
NHL	tailoring
Ni_hydr_CYTB	tailoring
NIF	tailoring
Nif11	tailoring
NifT	tailoring
NifU	tailoring
NifU_N	tailoring
NIPSNAP	tailoring
NIR_SIR	tailoring
NIR_SIR_ferr	tailoring
Nitrate_red_del	tailoring
Nitro_FeMo-Co	tailoring
Nitroreductase	tailoring
NKWYS	tailoring
NLPC_P60	tailoring
NMO	tailoring
NMT1	tailoring
NodA	tailoring
NodS	tailoring
NPCBM_assoc	tailoring
NrfD	tailoring
NTNH_C	tailoring
NTP_transf_2	tailoring
NTP_transf_8	tailoring
NTP_transferase	tailoring
NTPase_1	tailoring
Nuc_deoxyrib_tr	tailoring
NUDIX	tailoring
Nudix_N	tailoring
NYN_YacP	tailoring
OB_aCoA_assoc	tailoring
OB_NTP_bind	tailoring
OCD_Mu_crystall	tailoring
Octopine_DH	tailoring
Ogr_Delta	tailoring
OMPdecase	tailoring
OpgC_C	tailoring
OprD	tailoring
Orn_Arg_deC_N	tailoring
Orn_DAP_Arg_deC	tailoring
OsmC	tailoring
OTCace	tailoring
OTCace_N	tailoring
Oxidored_FMN	tailoring
Oxidored_molyb	tailoring
Oxidored_nitro	tailoring
Oxidored_q5_N	tailoring
P_proprotein	tailoring
p450	tailoring
PA14	tailoring
PaaA_PaaC	tailoring
PaaX_C	tailoring
PAD	tailoring
PAF-AH_p_II	tailoring
Paired_CXXCH_1	tailoring
PALP	tailoring
Pantoate_ligase	tailoring
Pantoate_transf	tailoring
PAP2	tailoring
PAPS_reduct	tailoring
ParD_like	tailoring
PAS_3	tailoring
PAS_6	tailoring
Patatin	tailoring
PBP	tailoring
PBP_dimer	tailoring
PCMT	tailoring
PCP_red	tailoring
PDH	tailoring
PDT	tailoring
PduV-EutP	tailoring
PE	tailoring
PE_PPE_C	tailoring
Pec_lyase	tailoring
PEGA	tailoring
Penicil_amidase	tailoring
PEP-CTERM	tailoring
PEP-utilizers	tailoring
PEP-utilizers_C	tailoring
PEPCK_ATP	tailoring
PepSY	tailoring
PepSY_like	tailoring
PepSY_TM	tailoring
Peptidase_C10	tailoring
Peptidase_C14	tailoring
Peptidase_C80	tailoring
Peptidase_M1	tailoring
Peptidase_M10	tailoring
Peptidase_M14	tailoring
Peptidase_M15	tailoring
Peptidase_M16	tailoring
Peptidase_M17	tailoring
Peptidase_M19	tailoring
Peptidase_M22	tailoring
Peptidase_M23	tailoring
Peptidase_M24	tailoring
Peptidase_M27	tailoring
Peptidase_M28	tailoring
Peptidase_M3	tailoring
Peptidase_M4	tailoring
Peptidase_M4_C	tailoring
Peptidase_M42	tailoring
Peptidase_M48	tailoring
Peptidase_M78	tailoring
Peptidase_S10	tailoring
Peptidase_S11	tailoring
Peptidase_S15	tailoring
Peptidase_S24	tailoring
Peptidase_S41	tailoring
Peptidase_S66	tailoring
Peptidase_S7	tailoring
Peptidase_S9_N	tailoring
PFK	tailoring
PfkB	tailoring
PFO_beta_C	tailoring
PG_binding_1	tailoring
PG_binding_4	tailoring
PGA_cap	tailoring
PGAP1	tailoring
PGI	tailoring
PGK	tailoring
PGM_PMM_I	tailoring
PGM_PMM_II	tailoring
PGM_PMM_III	tailoring
PGM_PMM_IV	tailoring
PHA_synth_III_E	tailoring
PhaC_N	tailoring
Phage_ASH	tailoring
Phage_holin_2_1	tailoring
Phage_holin_3_6	tailoring
Phage_holin_3_7	tailoring
Phage_holin_4_2	tailoring
Phage_TAC_11	tailoring
Phage_TAC_6	tailoring
Phasin	tailoring
Phasin_2	tailoring
PhoH	tailoring
PhoR	tailoring
Phos_pyr_kin	tailoring
Phosphodiest	tailoring
Phosphorylase	tailoring
PHP	tailoring
PhyH	tailoring
PHZA_PHZB	tailoring
PhzC-PhzF	tailoring
PI-PLC-X	tailoring
PIG-L	tailoring
Pilin_N	tailoring
Pirin_C	tailoring
PK	tailoring
Pkinase	tailoring
PMI_typeI	tailoring
PMT	tailoring
PNK3P	tailoring
PNP_phzG_C	tailoring
PNP_UDP_1	tailoring
Poly_export	tailoring
Polyketide_cyc	tailoring
Polyketide_cyc2	tailoring
polyprenyl_synt	tailoring
Polysacc_deac_1	tailoring
Polysacc_syn_2C	tailoring
Polysacc_synt	tailoring
Polysacc_synt_2	tailoring
POR	tailoring
POR_N	tailoring
PorA	tailoring
Porin_1	tailoring
Porphobil_deam	tailoring
Porphobil_deamC	tailoring
PP-binding	tailoring
PPC	tailoring
PPDK_N	tailoring
PPE	tailoring
Ppnp	tailoring
Ppx-GppA	tailoring
PQ-loop	tailoring
PQQ	tailoring
PqqD	tailoring
PRAI	tailoring
PRCH	tailoring
PRD	tailoring
Prenyltrans	tailoring
Prenyltransf	tailoring
Pribosyltran	tailoring
PriCT_1	tailoring
PRK	tailoring
Pro_Al_protease	tailoring
Pro_CA	tailoring
Pro_dh	tailoring
Pro_isomerase	tailoring
Pro_racemase	tailoring
Pro-kuma_activ	tailoring
Prophage_tail	tailoring
ProQ	tailoring
Proton_antipo_M	tailoring
Proton_antipo_N	tailoring
PS_Dcarbxylase	tailoring
PS_pyruv_trans	tailoring
PsbY	tailoring
PSCyt1	tailoring
PSCyt2	tailoring
PSCyt3	tailoring
PSD1	tailoring
PSD2	tailoring
PSD3	tailoring
PSD4	tailoring
PSD5	tailoring
PsiE	tailoring
PspA_IM30	tailoring
PT-HINT	tailoring
PTAC	tailoring
PTE	tailoring
Pterin_4a	tailoring
Pterin_bind	tailoring
PTPS	tailoring
PTS_EIIA_2	tailoring
PUA	tailoring
PUD	tailoring
Putative_PNPOx	tailoring
PYNP_C	tailoring
Pyr_redox	tailoring
Pyr_redox_2	tailoring
Pyr_redox_dim	tailoring
Pyridoxal_deC	tailoring
Rad17	tailoring
Radical_SAM	tailoring
Ras	tailoring
RcnB	tailoring
Rdx	tailoring
RebB	tailoring
RecX	tailoring
Redoxin	tailoring
RES	tailoring
ResB	tailoring
Resolvase	tailoring
RgpF	tailoring
Rhamno_transf	tailoring
Rhodanese	tailoring
Rhodanese_C	tailoring
Rhomboid	tailoring
RibD_C	tailoring
Ribonuc_red_lgC	tailoring
Ribonuc_red_lgN	tailoring
Ribonuc_red_sm	tailoring
Ribosomal_L11	tailoring
Ribosomal_S21	tailoring
Ribul_P_3_epim	tailoring
Ricin_B_lectin	tailoring
Rieske	tailoring
Ring_hydroxyl_A	tailoring
Ring_hydroxyl_B	tailoring
RlaP	tailoring
RMMBL	tailoring
RNB	tailoring
RNR_N	tailoring
RolB_RolC	tailoring
RPE65	tailoring
RraA-like	tailoring
RtcB	tailoring
Rubrerythrin	tailoring
Rz1	tailoring
S-AdoMet_synt_C	tailoring
S-AdoMet_synt_M	tailoring
S-AdoMet_synt_N	tailoring
S-methyl_trans	tailoring
S6PP	tailoring
Sacchrp_dh_NADP	tailoring
SAF	tailoring
SAM_adeno_trans	tailoring
SAUGI	tailoring
SbcD_C	tailoring
Sbi-IV	tailoring
SBP_bac_10	tailoring
ScdA_N	tailoring
SchA_CurD	tailoring
SCO1-SenC	tailoring
SCP2	tailoring
Se-cys_synth_N	tailoring
Sel_put	tailoring
Semialdhyde_dh	tailoring
Semialdhyde_dhC	tailoring
SepF	tailoring
SepSecS	tailoring
Ser_hydrolase	tailoring
Seryl_tRNA_N	tailoring
SfLAP	tailoring
SGL	tailoring
Shikimate_DH	tailoring
Shikimate_dh_N	tailoring
SHMT	tailoring
SHOCT	tailoring
SidE	tailoring
SIP	tailoring
SipA	tailoring
SIS	tailoring
SKI	tailoring
SLH	tailoring
SLT	tailoring
SlyX	tailoring
Sm_multidrug_ex	tailoring
SMC_hinge	tailoring
SMC_N	tailoring
Smr	tailoring
SNARE_assoc	tailoring
Snf7	tailoring
SNO	tailoring
SnoaL	tailoring
SoxD	tailoring
SPDY	tailoring
Spermine_synth	tailoring
SpoIIAA-like	tailoring
Spore_YhcN_YlaJ	tailoring
Spore-coat_CotZ	tailoring
SpoU_sub_bind	tailoring
SPOUT_MTase	tailoring
SQS_PSY	tailoring
SRP54	tailoring
SseB	tailoring
SSL_OB	tailoring
SSV1_ORF_D-335	tailoring
Stap_Strp_tox_C	tailoring
Stap_Strp_toxin	tailoring
Staph_opine_DH	tailoring
StbA	tailoring
Stealth_CR2	tailoring
Sterile	tailoring
Sterol-sensing	tailoring
Stig1	tailoring
STN	tailoring
Streptin-Immun	tailoring
STT3	tailoring
Sua5_yciO_yrdC	tailoring
Suc_Fer-like	tailoring
Succ_DH_flav_C	tailoring
Sugar-bind	tailoring
Sulfatase	tailoring
Sulfotransfer_1	tailoring
Sulfotransfer_2	tailoring
Sulphotransf	tailoring
SWIM	tailoring
T_hemolysin	tailoring
T2SSE_N	tailoring
T2SSF	tailoring
T4BSS_DotH_IcmK	tailoring
T7SS_ESX_EspC	tailoring
T7SS_ESX1_EccB	tailoring
TAL_FSA	tailoring
TamB	tailoring
Tannase	tailoring
TauD	tailoring
TauE	tailoring
Tautomerase	tailoring
TcdB_toxin_midC	tailoring
TcdB_toxin_midN	tailoring
TED_complement	tailoring
TehB	tailoring
TENA_THI-4	tailoring
Terminase_6	tailoring
Terpene_synth_C	tailoring
TetR_C_32	tailoring
TetR_C_4	tailoring
TfoX_N	tailoring
TfuA	tailoring
TGT	tailoring
THF_DHG_CYH	tailoring
THF_DHG_CYH_C	tailoring
Thi4	tailoring
Thiamine_BP	tailoring
ThiC_Rad_SAM	tailoring
ThiF	tailoring
ThiG	tailoring
ThiI	tailoring
Thioesterase	tailoring
Thiolase_C	tailoring
Thiolase_N	tailoring
Thioredoxin	tailoring
ThiS	tailoring
ThrE	tailoring
Thy1	tailoring
Thymidylate_kin	tailoring
TIG	tailoring
TilS_C	tailoring
TipAS	tailoring
TIR	tailoring
TMP-TENI	tailoring
TniB	tailoring
TnpB_IS66	tailoring
TOBE	tailoring
TOBE_2	tailoring
TolA	tailoring
Toprim	tailoring
Toxin_R_bind_C	tailoring
Toxin_R_bind_N	tailoring
Toxin_trans	tailoring
TP_methylase	tailoring
TPK_catalytic	tailoring
TPMT	tailoring
TPP_enzyme_C	tailoring
TPP_enzyme_M	tailoring
TPP_enzyme_N	tailoring
TPPK_C	tailoring
TraD_N	tailoring
TraE	tailoring
TraL	tailoring
Transcrip_reg	tailoring
Transglut_core	tailoring
Transgly	tailoring
Transgly_assoc	tailoring
Transglycosylas	tailoring
Transket_pyr	tailoring
Transketolase_C	tailoring
Transketolase_N	tailoring
Transpeptidase	tailoring
TraX	tailoring
TrbC	tailoring
TrbL	tailoring
Trep_Strep	tailoring
TrkA_C	tailoring
TrkA_N	tailoring
Trp_dioxygenase	tailoring
Trp_DMAT	tailoring
Trp_halogenase	tailoring
Trp_syntA	tailoring
Trypsin	tailoring
TsaE	tailoring
TylF	tailoring
Tyrosinase	tailoring
UbiA	tailoring
UbiD	tailoring
Ubie_methyltran	tailoring
UDG	tailoring
UDPG_MGDP_dh	tailoring
UDPG_MGDP_dh_C	tailoring
UDPG_MGDP_dh_N	tailoring
UDPGT	tailoring
Uma2	tailoring
UnbV_ASPIC	tailoring
UPF0014	tailoring
UPF0047	tailoring
UPF0149	tailoring
UpxZ	tailoring
Urease_alpha	tailoring
Urease_beta	tailoring
Urease_gamma	tailoring
UreD	tailoring
UreE_C	tailoring
UreE_N	tailoring
UreF	tailoring
Urm1	tailoring
URO-D	tailoring
Urocanase	tailoring
Usher	tailoring
UTRA	tailoring
UxuA	tailoring
V_cholerae_RfbT	tailoring
V4R	tailoring
VanW	tailoring
VanY	tailoring
VanZ	tailoring
VIT1	tailoring
VKOR	tailoring
Vps4_C	tailoring
VRP1	tailoring
WaaY	tailoring
WavE	tailoring
WbqC	tailoring
WD40	tailoring
WES_acyltransf	tailoring
WXG100	tailoring
Wyosine_form	tailoring
Wzy_C	tailoring
Wzy_C_2	tailoring
Wzz	tailoring
Y_phosphatase2	tailoring
YAcAr	tailoring
YbaB_DNA_bd	tailoring
YcaO	tailoring
YceG	tailoring
YceI	tailoring
YchF-GTPase_C	tailoring
YCII	tailoring
YdaT_toxin	tailoring
ydhR	tailoring
YdjC	tailoring
YdjM	tailoring
YfcL	tailoring
YfdX	tailoring
YhcG_C	tailoring
YHS	tailoring
YjbE	tailoring
YjbF	tailoring
YjbR	tailoring
YjeF_N	tailoring
YkuD	tailoring
YlqD	tailoring
YqaJ	tailoring
YqcI_YcgG	tailoring
Ysc84	tailoring
YtfJ_HI0045	tailoring
Zeta_toxin	tailoring
zf-CGNR	tailoring
zinc-ribbons_6	tailoring
Zincin_1	tailoring
ZinT	tailoring
Zn_dep_PLPC	tailoring
Zn-ribbon_8	tailoring
Zot	tailoring
AA_permease_N	transport
Aa_trans	transport
ABC_membrane	transport
ABC_membrane_2	transport
ABC_membrane_3	transport
ABC_sub_bind	transport
ABC_tran	transport
ABC_tran_Xtn	transport
ABC_trans_N	transport
ABC2_membrane	transport
ABC2_membrane_2	transport
ABC2_membrane_3	transport
ABC2_membrane_4	transport
ABC2_membrane_5	transport
ABC2_membrane_6	transport
BCA_ABC_TP_C	transport
BPD_transp_2	transport
ECF_trnsprt	transport
EcsB	transport
EmrE	transport
Mem_trans	transport
MFS_1	transport
MFS_1_like	transport
oligo_HPY	transport
OppC_N	transport
OPT	transport
PDR_assoc	transport
PTR2	transport
Sugar_tr	transport
