Acyl_transf_1	59,176,209
GerE	219,94,82
ACP_syn_III	189,102,84
ACP_syn_III_C	146,207,81
2-oxoacid_dh	204,74,202
TetR_C_7	198,67,196
RHS_repeat	89,211,110
PS-DH	173,56,182
ADH_zinc_N_2	101,131,226
PCMT	204,80,91
ABC_tran	129,201,63
Ketoacyl-synt_C	215,78,102
ketoacyl-synt	112,116,228
KAsynt_C_assoc	240,150,172
DUF1100	65,96,200
BTAD	217,89,196
FMN_red	90,228,61
p450	85,216,107
ADH_N	211,65,138
MFS_1	193,224,74
PP-binding	103,191,88
Thioesterase	207,80,138
oligo_HPY	90,183,173
KR	66,209,188
Fer4_15	138,59,179
SBP_bac_5	199,94,116
ADH_zinc_N	81,108,215
TetR_N	73,212,190
BPD_transp_1	77,208,225
Trans_reg_C	204,153,57
Docking	180,75,55
Bac_luciferase	180,112,78
GDP_Man_Dehyd	162,221,65
UDPGT	225,150,107
DegT_DnrJ_EryC1	59,139,191
Glyco_hydro_20	83,201,133
Glyco_tran_28_C	211,90,140
NTP_transferase	198,101,87
dTDP_sugar_isom	184,89,121
Methyltransf_13	209,96,160
tRNA-synt_1c	218,142,61
DUF1205	200,129,88
Methyltransf_23	188,189,66
Glyco_hydro_20b	221,191,77
PAS_4	50,90,192
AAA_16	186,102,77
Epimerase	98,102,214
Hexose_dehydrat	74,201,66
ABC_membrane	149,226,73
Methyltransf_14	229,72,107
Methyltransf_12	187,59,115
ECH_1	218,72,181
Acyl-CoA_dh_N	105,135,218
ApbA	91,128,221
ApbA_C	188,163,68
Zn_clus	121,178,76
Acyl-CoA_dh_1	85,191,117
Carn_acyltransf	97,225,203
Acyl-CoA_dh_M	225,186,97
GMC_oxred_N	180,89,214
Aldo_ket_red	225,205,58
FMO-like	203,74,151
ACPS	85,184,135
DUF1729	199,58,132
GMC_oxred_C	186,52,106
NAD_binding_10	188,201,78
Abhydrolase_3	183,51,179
adh_short_C2	73,205,127
MaoC_dehydrat_N	215,186,64
Methyltransf_2	50,51,190
MaoC_dehydratas	218,129,86
SAT	77,115,183
adh_short	182,219,73
AflR	86,63,214
DUF4243	77,150,178
EthD	64,130,182
Dabb	183,91,165
DUF4267	98,222,195
GST_N	82,167,186
NAD_binding_8	91,180,227
DUF1772	75,196,107
Peroxidase_2	200,64,64
FAD_binding_4	226,88,136
BBE	210,73,83
Lactamase_B	206,198,96
Response_reg	100,107,203
HTH_8	168,63,200
HEAT_2	161,180,58
HTH_1	125,227,79
Oxidored_FMN	157,188,65
HATPase_c	80,94,225
DSPc	154,195,61
HxlR	91,150,227
HisKA	193,125,62
FAD_binding_3	182,175,59
Methyltransf_11	106,219,159
Aminotran_3	49,163,189
FA_hydroxylase	171,60,209
VWA_CoxE	222,87,201
PAS_9	182,140,74
HAMP	124,89,195
LysR_substrate	55,136,195
Pyr_redox_3	213,91,84
Sigma54_activat	101,145,216
Aldedh	105,213,139
GAF_2	158,189,90
Rieske	186,77,145
AMP-binding	60,217,223
PAS_3	222,97,193
Abhydrolase_1	86,180,151
Thiolase_C	218,187,56
bPH_6	126,80,191
CoA_trans	106,96,228
MarR_2	46,89,185
DUF664	102,82,189
Oxidored_molyb	152,193,93
Fer4_13	220,216,65
Mo-co_dimer	105,224,154
Thiolase_N	82,90,195
Chlor_dismutase	179,57,142
PP2C_2	211,74,134
Methyltransf_25	227,135,74
MerR_1	100,202,107
Aminotran_4	52,144,188
AA_permease	82,225,201
AMP-binding_C	182,50,118
Pkinase	104,187,65
His_Phos_1	135,184,63
DUF4277	67,132,210
Lipocalin_5	187,88,47
HTH_30	180,199,81
DDE_5	119,52,208
TAL_FSA	208,111,74
Sigma70_r3	66,187,131
YCII	54,71,186
DUF5132	59,186,68
DUF4383	199,204,89
Sigma70_r1_2	210,210,74
DHquinase_II	130,67,203
RibD_C	225,80,120
Carbam_trans_C	183,87,154
Trp_halogenase	179,74,194
Sigma70_r2	184,59,197
Sigma70_r4	75,207,224
Methyltransf_3	168,187,48
FAD_binding_1	145,74,201
Acyl_transf_3	50,152,200
LCM	94,159,219
Na_H_Exchanger	229,67,191
DUF4874	173,205,93
DUF4832	84,186,57
3HCDH	180,78,60
NAD_binding_1	177,211,96
ROK	205,99,210
Acetyltransf_2	68,124,226
3HCDH_N	212,65,199
Carbam_trans_N	146,218,61
Flavodoxin_1	77,169,183
NB-ARC	165,94,211
Ring_hydroxyl_A	76,134,184
GFO_IDH_MocA	76,117,190
Ring_hydroxyl_B	202,87,131
TylF	175,228,98
Methyltransf_21	95,204,52
TPR_12	147,215,101
PAF-AH_p_II	179,184,62
ParBc	55,214,209
AHSA1	81,199,171
GFO_IDH_MocA_C	195,223,82
DUF3474	155,210,61
NAD_binding_4	100,212,204
Fungal_trans	51,172,200
FSH1	54,166,181
FA_desaturase	104,51,205
Polyketide_cyc2	105,204,74
GATase	159,201,96
AurF	100,210,108
Chorismate_bind	188,116,88
Anth_synt_I_N	163,87,183
E1_dh	180,115,48
Glycos_transf_2	224,122,96
Methyltransf_31	214,74,181
YchF-GTPase_C	74,145,213
AviRa	221,99,205
Glycos_transf_1	228,92,150
YoeB_toxin	110,190,87
PhdYeFM_antitox	204,60,69
Cupin_1	180,66,175
Transket_pyr	189,186,84
PhyH	72,132,214
Lipase_GDSL_3	88,183,75
Glyco_tranf_2_3	140,74,190
MMR_HSR1	105,180,226
Radical_SAM	149,56,222
SpoU_methylase	84,205,178
ABC2_membrane	139,217,106
Transketolase_C	76,206,101
FPN1	165,219,97
Ras	129,102,217
Transferase	57,117,190
Pro_isomerase	130,221,72
Tyr_Deacylase	187,129,75
TRI12	125,190,81
Kelch_4	64,111,202
Kelch_3	189,159,53
Aminotran_1_2	89,113,198
UreD	188,47,117
cobW	79,112,178
FcoT	103,118,212
Lipoprotein_15	90,125,194
Acyltransferase	87,176,216
Cupredoxin_1	54,142,203
UreF	149,214,61
ACC_epsilon	226,73,128
DAO	123,179,59
NmrA	97,49,192
DUF5133	82,224,127
Hemerythrin	120,91,227
4HFCP_synth	53,182,128
Prok-RING_4	61,113,195
DUF2437	120,52,207
HTH_18	216,58,224
Molybdopterin	65,194,78
STAS_2	206,83,63
Acetyltransf_10	88,180,95
MR_MLE_C	191,184,94
Pirin	139,213,61
CoA_transf_3	226,102,90
Hydrolase_4	140,98,205
TPP_enzyme_M	149,194,69
FAA_hydrolase	71,203,125
Castor_Poll_mid	225,107,224
DUF4328	177,190,93
tRNA-synt_2b	228,96,220
GH3	220,187,68
HATPase_c_2	86,179,88
TPP_enzyme_C	156,179,45
TPP_enzyme_N	55,81,185
CMD	58,205,164
HGTP_anticodon	115,202,95
HD	92,193,119
Pirin_C	68,194,205
EF-hand_7	176,79,197
DJ-1_PfpI	66,224,145
Polyketide_cyc	221,94,106
Molydop_binding	184,132,64
tRNA_SAD	220,97,228
Lyase_1	217,92,141
Isochorismatase	144,224,70
CM_2	118,210,66
DAHP_synth_2	126,217,84
Peptidase_M20	88,213,108
Peptidase_S15	210,171,79
NAD_binding_9	102,219,118
ADSL_C	198,156,85
MMPL	228,109,193
DUF1579	173,221,85
DUF779	79,223,124
PepX_C	210,70,92
PmbA_TldD	83,181,55
DUF899	204,191,90
DUF1702	177,49,186
A_deaminase	226,153,81
UDPG_MGDP_dh	69,189,184
Glyco_transf_28	157,218,79
VCBS	77,199,76
ThiS	73,117,196
S-methyl_trans	130,111,228
Dimerisation2	84,199,85
OrfB_IS605	95,115,208
RmlD_sub_bind	196,203,60
Aminotran_5	214,54,122
UDPG_MGDP_dh_N	156,194,58
AAA	57,194,204
Cys_Met_Meta_PP	142,222,85
PRMT5	130,195,89
FGE-sulfatase	206,81,170
Clp_N	97,199,190
HTH_20	157,225,93
ClpB_D2-small	190,198,67
F420_oxidored	194,51,111
HTH_OrfB_IS605	102,226,140
B12-binding	145,190,60
UDPG_MGDP_dh_C	221,130,74
ABC1	197,149,67
Sulfatase	61,103,198
SCP2	56,163,207
UnbV_ASPIC	157,212,86
4HBT_2	213,114,82
UVR	179,74,81
OrfB_Zn_ribbon	188,84,136
AAA_2	132,215,72
CopC	172,94,217
Fn3-like	206,58,194
Glyco_hydro_3	179,79,172
PD40	49,78,191
Glyco_hydro_3_C	181,96,75
Xan_ur_permease	216,88,217
MASE1	210,153,97
Peptidase_S11	227,157,83
AI-2E_transport	226,96,145
SpoIIE	85,195,217
HD_3	83,142,201
Carboxyl_trans	180,136,60
Acetyltransf_3	105,146,215
Helicase_C	104,224,158
ResIII	51,64,189
HA	219,106,194
Methyltransf_24	106,221,159
Peptidase_S9	77,97,209
POR	89,196,208
POR_N	146,196,83
AfsA	178,81,93
Biotin_carb_C	82,186,211
CPSase_L_D2	190,97,205
Biotin_lipoyl	67,214,213
Biotin_carb_N	59,114,187
PFOR_II	179,47,158
Sterol-sensing	126,60,182
Condensation	224,184,98
HPIH	109,62,205
Beta-lactamase	92,159,200
HMG-CoA_red	67,203,137
Metallophos	181,197,58
Transp_cyt_pur	84,195,218
TetR_C	151,203,75
DUF4162	100,223,143
AP_endonuc_2	69,222,207
Rhodanese	145,191,76
dCache_1	84,194,113
Guanylate_cyc	195,180,69
Sulfotransfer_3	59,182,84
AAT	101,81,194
Cu2_monoox_C	55,100,186
AAA_22	174,224,73
PNP_UDP_1	75,186,148
DUF2834	164,58,192
Haem_oxygenas_2	71,185,105
GST_C	102,108,211
Git3	182,162,50
SURF1	74,198,177
EHN	91,189,116
GPR_Gpa2_C	128,76,188
AA_permease_2	180,217,107
Lipase_GDSL_2	116,68,184
Piwi	229,192,72
YqcI_YcgG	58,210,225
ArgoL1	203,81,166
DUF1989	190,52,203
PCI	104,218,74
Oxidored_q6	112,224,109
Complex1_49kDa	130,223,85
Arginase	126,224,107
Amino_oxidase	184,74,52
HisKA_3	190,53,146
RrnaAD	71,217,122
MarR	60,185,86
Erythro-docking	69,149,215
Erythro_esteras	64,208,71
Glyco_hydro_62	191,57,139
Glyoxalase	50,162,189
SnoaL_4	68,223,209
Tyrosinase	87,199,223
OrsD	194,81,97
Amidohydro_2	95,225,123
TPR_4	194,104,82
HSP90	214,64,55
HATPase_c_3	220,68,225
Lactamase_B_3	89,224,69
APH	106,220,228
Mito_carr	159,187,84
TRAM1	196,80,119
NAPRTase	193,72,95
TRAM_LAG1_CLN8	190,73,90
Rad4	192,56,184
PQ-loop	174,105,218
Fe-ADH	73,179,216
zf-RING_2	80,185,67
DUF4397	222,95,149
GntP_permease	199,95,202
HTH_IclR	135,102,222
Sigma70_r4_2	222,103,144
B12-binding_2	190,55,206
DHDPS	80,204,82
Sortase	213,184,62
FAD_binding_6	212,194,103
IclR	58,93,180
Fer2	60,59,191
AraC_binding	81,203,213
HAD_2	60,223,188
LysE	198,75,167
DHQ_synthase	150,62,180
Beta-lactamase2	72,61,190
GrpE	75,190,103
DUF3969	66,198,72
Patatin	200,132,98
HSP70	60,173,201
TPR_16	154,205,86
Zincin_1	154,72,215
TPR_2	67,152,188
Ank_2	151,90,191
Amidase	195,142,64
DUF3445	180,76,193
4HBT_3	136,87,203
Dimerisation	171,213,91
N2227	193,58,83
PAC4	53,212,140
Asn_synthase	97,201,176
FecCD	210,177,70
DIT1_PvcA	213,100,188
E1-E2_ATPase	149,204,70
GATase_7	200,63,57
Hydrolase	68,220,102
HMA	91,198,182
Peripla_BP_2	183,226,104
Oxygenase-NA	78,221,70
2OG-FeII_Oxy_2	182,67,194
Nitroreductase	79,118,187
DNA_binding_1	79,155,220
sCache_3_2	209,153,67
GyrI-like	61,183,118
Pyr_redox_2	83,223,167
Methyltransf_1N	96,209,110
Trypsin	207,127,78
GAF	86,203,59
NAD_binding_6	73,143,203
FAD_binding_8	208,115,56
Methyltransf_19	125,181,73
AAA_19	80,199,91
NDK	197,210,70
Abhydrolase_6	113,71,219
DUF4247	52,73,192
RNase_T	201,87,120
PIG-L	97,215,95
Thymidylat_synt	103,91,191
DUF2617	178,85,67
AAA_28	64,192,136
Spermine_synth	221,99,146
DUF350	206,93,72
Phospholip_A2_3	79,65,213
Actino_peptide	74,120,212
GntR	160,85,194
MbtH	212,165,97
NUDIX	92,56,187
SnoaL_2	184,69,155
DUF2283	94,187,211
SnoaL	206,89,111
Transpeptidase	161,226,87
ABM	193,84,127
MDMPI_N	214,107,221
Neocarzinostat	223,193,87
Wyosine_form	74,197,163
Aldolase_II	208,130,90
GHL15	214,92,199
FAD_oxidored	132,217,85
SCP2_2	61,215,182
DapB_N	220,76,108
HpaB_N	122,202,60
DSBA	221,114,99
Tautomerase	223,210,102
Flavin_Reduct	107,197,222
Lyase_aromatic	182,133,62
zf-CGNR	115,70,216
Acyl-CoA_dh_2	106,185,56
Peptidase_M14	195,77,191
ABATE	138,187,82
Ribonuc_L-PSP	93,120,208
Acetyltransf_9	157,184,47
DAHP_synth_1	223,103,208
DapB_C	70,196,178
FabA	66,205,188
DUF4440	63,159,224
HpaB	73,153,185
PfkB	153,96,212
SBP56	89,133,183
Cpn10	88,59,221
Uma2	123,107,219
Cpn60_TCP1	73,204,119
NMO	100,193,226
DUF4118	94,129,195
FAD_binding_2	63,199,116
SNARE_assoc	145,188,82
Dak1	110,103,210
PapA_C	219,98,127
Usp	129,199,88
KdpD	180,144,84
COX1	64,128,197
S-AdoMet_synt_C	192,53,113
S-AdoMet_synt_M	81,223,98
Met_synt_B12	60,212,227
Pterin_bind	192,119,62
AdoHcyase	55,203,152
S-AdoMet_synt_N	202,217,80
MTHFR	209,76,219
2_5_RNA_ligase2	67,81,196
Glyco_hydro_10	208,228,113
Peripla_BP_3	101,208,189
PA14	190,51,112
BPD_transp_2	69,130,196
DUF4097	173,193,81
Glyco_hydro_2	199,91,180
ILVD_EDD	58,79,190
Cupin_2	211,192,74
LacI	66,188,63
Ku	188,110,60
DUF1524	220,94,137
WHG	92,181,192
Peripla_BP_4	124,182,50
Laminin_G_3	93,162,213
Glyco_hydro_2_C	92,103,201
Glyco_hydro_2_N	159,68,216
Peptidase_S66	187,63,139
DDE_Tnp_1	229,102,99
MmgE_PrpD	166,220,102
Glyco_hydro_115	103,191,95
PEP-utilizers	206,59,219
PPDK_N	112,180,78
HapK	212,82,116
Polysacc_deac_1	56,221,58
Glyco_hydro_67C	98,222,110
AveC_like	119,70,227
GGACT	227,229,113
Glyco_hydro_1	175,56,195
Alpha_L_fucos	165,80,195
Bac_rhamnosid	97,211,89
Ferritin_2	181,64,63
DUF3311	146,98,220
SPOB_a	215,217,87
Amidase_6	162,213,63
FA_desaturase_2	201,86,82
CHAT	222,88,225
Sugar_tr	48,186,105
SSF	49,186,178
Aldose_epim	76,203,227
NAD_binding_11	141,199,89
TctC	74,93,188
Orn_Arg_deC_N	106,204,212
Acetyltransf_1	121,183,50
DUF1877	62,198,130
RraA-like	59,211,194
Na_H_antiport_1	110,202,98
NPCBM_assoc	97,213,145
Bac_rhamnosid_N	125,200,86
CMAS	56,174,188
HpcH_HpaI	81,183,94
Glyco_hydro_67M	91,161,195
FCD	74,75,215
MR_MLE_N	63,73,226
TetR_C_6	99,210,174
Pectate_lyase_3	183,50,114
Glyco_hydro_28	106,210,217
F5_F8_type_C	216,175,69
NAD_binding_2	205,164,98
FtsX	126,55,214
Sensor	58,158,187
MacB_PCD	79,76,190
DUF4352	71,97,207
TetR_C_11	219,77,198
MT0933_antitox	203,70,200
MS_channel	177,58,210
Cation_efflux	151,84,211
ELFV_dehydrog	181,160,45
ELFV_dehydrog_N	157,52,200
DUF1345	214,90,215
rve	93,64,200
DEDD_Tnp_IS110	59,200,207
DDE_Tnp_IS240	200,202,77
Transposase_mut	137,187,62
IMPDH	225,99,218
DUF2236	194,179,92
UbiA	189,57,100
Glyco_transf_21	174,185,57
Glyco_hydro_6	133,195,71
DUF2848	154,192,56
Cupin_6	152,181,77
Glyco_trans_1_4	85,182,142
Glyco_transf_4	162,57,186
Peptidase_M1	173,57,219
Shikimate_dh_N	145,207,53
ThiF	82,50,180
UTRA	170,184,91
Flavodoxin_2	159,188,70
DUF2075	173,201,69
Y_phosphatase3	96,226,59
HTH_38	76,213,183
E3_binding	217,136,99
Cytokin-bind	67,184,162
PMT_2	149,96,194
DsbD_2	108,180,48
GtrA	72,221,86
YdjC	199,99,88
HTH_DeoR	194,214,67
AsnC_trans_reg	134,72,182
HTH_AsnC-type	190,195,86
DeoRC	183,143,83
MM_CoA_mutase	67,86,223
Peptidase_M23	65,169,193
DEAD	195,100,62
GSHPx	92,57,196
MTS	99,227,110
PrsW-protease	80,56,188
Pribosyltran	210,210,74
DUF3427	136,63,182
AIRS_C	182,125,70
GATase_6	129,206,75
HA2	142,68,179
PLDc_2	197,187,91
DUF3418	111,68,209
DUF3578	85,189,218
AIRS	215,196,78
Methyltransf_4	186,183,89
PDR_CDR	48,108,186
COesterase	204,82,64
Grp1_Fun34_YaaH	191,119,90
Cu-oxidase_3	80,81,179
Cu-oxidase_2	183,55,192
Fungal_trans_2	102,165,217
Cu-oxidase	172,188,74
SMI1_KNR4	197,180,87
EPSP_synthase	217,213,85
MFS_3	80,62,217
DUF1956	154,82,215
Biotin_lipoyl_2	229,122,112
ABC2_membrane_3	151,189,55
OEP	205,57,201
HlyD_3	82,200,102
SBP_bac_8	66,211,58
MBOAT_2	96,197,109
Molybdop_Fe4S4	186,68,186
PEMT	82,89,182
FdhD-NarQ	94,203,116
HgmA	180,135,87
Fer2_BFD	216,103,169
PAC2	188,194,72
PQQ_2	98,210,146
UvrD_C_2	62,140,196
PG_binding_1	186,74,131
AAA_30	127,205,82
TP_methylase	124,218,92
HHH_4	99,171,199
HTH_24	222,79,68
HHH_5	118,220,87
Peptidase_M24	217,177,88
2-Hacid_dh_C	192,197,93
Lactonase	97,80,193
Creatinase_N	125,184,70
SDF	141,207,101
RNA_pol_Rpb2_7	212,179,66
Transketolase_N	74,202,214
RNA_pol_Rpb1_1	76,225,92
MlaD	219,201,73
Ribosomal_L12_N	167,204,96
RNA_pol_Rpb2_45	199,95,150
Ribosomal_L12	76,226,185
Putative_PNPOx	177,193,67
Mce4_CUP1	211,54,103
MlaE	56,97,187
RNA_pol_Rpb2_2	211,228,95
RNA_pol_Rpb2_6	52,194,73
Ribosomal_L10	55,96,202
RNA_pol_Rpb2_3	217,183,85
Fer4_19	86,110,201
DoxX_2	194,67,108
DUF772	221,202,107
DDE_Tnp_1_6	51,201,77
eIF-1a	105,195,79
FmdA_AmdA	205,187,71
TPR_8	182,172,47
AhpC-TSA	166,71,190
Glu_dehyd_C	183,80,73
Amidinotransf	194,129,75
FUSC_2	69,195,150
SBP_bac_1	195,119,75
YmdB	95,186,86
Cyclase	140,47,181
SAM_adeno_trans	103,77,209
Proteasome	195,133,71
RicinB_lectin_2	112,220,73
Glyco_hydro_26	179,136,76
DUF4232	149,65,211
LIP	197,59,135
DDE_3	50,81,198
HTH_32	89,225,112
Glyoxalase_5	50,199,116
DUF2306	203,168,68
DDE_Tnp_1_4	187,172,89
FdtA	91,72,180
RBFA	221,90,110
ACBP	150,185,75
RtcB	183,76,169
tRNA_NucTran2_2	198,59,118
PolyA_pol	216,132,105
Cellulase	189,82,188
PolyA_pol_RNAbd	106,197,60
DLH	188,185,48
2OG-FeII_Oxy	184,68,180
DIOX_N	122,206,79
ADC	80,180,156
ADH_N_2	185,119,52
PBP	81,205,189
UbiD	124,53,196
Flavoprotein	199,95,88
TauD	180,79,217
3-alpha	90,182,89
Peptidase_C14	57,105,184
Acetyltransf_CG	80,197,99
MOSC	96,194,162
Kelch_1	184,90,139
Kelch_6	87,121,189
Phe_hydrox_dim	227,99,176
DNA_pol3_alpha	190,187,47
HHH_6	166,180,62
DUF1996	109,223,219
6PGD	57,119,210
AAA_assoc_C	74,193,198
Met_asp_mut_E	94,203,101
Orn_DAP_Arg_deC	195,86,191
Syntaxin-6_N	198,56,59
Abhydrolase_2	165,184,75
NAP	226,80,140
Methyltransf_32	227,117,66
ACAS_N	54,78,195
Trp_DMAT	197,197,93
Beta_elim_lyase	121,182,62
polyprenyl_synt	61,206,65
DeoC	151,59,198
DHQS	199,181,86
EamA	105,217,77
PTSIIA_gutA	155,199,68
EII-GUT	80,156,203
EIIBC-GUT_C	229,67,175
RDD	75,173,207
EIIBC-GUT_N	91,191,156
VanZ	81,187,70
GutM	65,206,55
HMG_CoA_synt_N	88,216,218
HMG_CoA_synt_C	49,194,86
LANC_like	129,182,79
NusG	166,222,79
DUF98	200,80,201
MatE	187,69,173
YkuD	112,183,75
AstE_AspA	143,103,224
Toluene_X	68,188,211
Anticodon_1	85,52,208
tRNA-synt_1	209,58,146
Glyoxalase_4	66,183,136
Autoind_synth	197,72,80
Autoind_bind	99,181,52
NACHT	60,194,110
DUF839	62,203,65
Collagen	95,207,131
ACCA	66,101,203
Metallophos_2	143,76,212
CSD	87,72,181
FGGY_N	83,186,105
Amidase_2	122,192,71
Urease_gamma	222,104,199
Amidohydro_1	210,93,184
Urease_alpha	76,190,108
FGGY_C	204,103,85
DAO_C	196,60,59
G3P_antiterm	99,123,216
4HBT	143,103,215
HTH_42	116,78,194
FAD-oxidase_C	111,69,188
TetR_C_8	192,229,97
PAS_8	206,218,73
dCMP_cyt_deam_1	91,149,216
DUF58	190,218,84
DUF2499	187,80,112
Fer4_9	70,123,186
CmcI	218,90,219
His_biosynth	200,144,79
DDE_Tnp_IS1	61,68,205
PhoU	88,153,182
Succ_DH_flav_C	140,80,199
Lipase_GDSL	151,210,92
APS_kinase	48,131,188
dCMP_cyt_deam_2	225,105,128
Trns_repr_metal	127,204,98
Esterase	217,132,77
Cyclase_polyket	49,187,78
PTR2	90,189,52
SchA_CurD	75,209,181
F420H2_quin_red	184,92,208
PadR	210,176,95
YcaO	76,84,185
CofC	181,97,82
Indigoidine_A	186,184,81
HTH_31	207,145,90
SNF2_N	180,113,64
DUF3670	90,67,186
Glyco_hydro_106	195,121,53
MIase	214,164,56
Asp_Glu_race	137,211,53
Abi	150,86,216
OMPdecase	127,77,227
Methyltr_RsmB-F	185,52,86
G_glu_transpept	117,205,100
Guanylate_kin	77,160,185
Formyl_trans_C	74,115,225
RNA_pol_Rpb6	146,78,188
CPSase_L_D3	217,64,78
Glyco_hydro_25	92,155,186
DFP	185,72,205
Formyl_trans_N	111,183,66
NusB	217,59,158
ThiG	215,60,203
MGS	97,202,71
Glyco_transf_20	89,138,188
tRNA_U5-meth_tr	187,48,82
Proton_antipo_M	54,193,132
SRAP	152,181,61
ABC-3	190,102,215
ZnuA	78,178,130
Nterm_IS4	148,213,91
Gln-synt_C	195,227,89
EFG_IV	175,56,200
NAD_synthase	204,109,227
Exo_endo_phos	76,66,180
EFG_C	136,208,97
CN_hydrolase	213,76,196
Gln-synt_N	125,91,194
EFG_II	217,213,86
GTP_EFTU	196,118,83
Darcynin	225,206,72
STAS	219,58,116
DUF488	200,173,51
Tannase	139,54,192
Ketoacyl-synt_2	57,130,212
Cu_amine_oxidN3	100,62,180
DUF2218	98,200,123
Cu_amine_oxid	197,95,110
Phage_sheath_1	173,209,71
NMT1	196,85,209
OCD_Mu_crystall	221,120,93
VanW	52,93,183
PG_binding_4	140,107,215
FR47	215,89,80
DUF1707	227,119,96
SepF	49,194,147
MazG-like	200,96,198
Mac	188,228,87
DNA_ligase_A_C	220,176,61
Helicase_C_3	221,110,182
DUF397	94,195,165
Fer4_21	63,145,187
NO_synthase	49,184,163
ERCC3_RAD25_C	105,50,185
DNA_ligase_A_M	164,187,87
HAD	181,59,119
DUF2231	86,187,169
Hexapep	89,131,202
Hexapep_2	79,205,115
Transposase_20	104,204,65
Gp_dh_C	160,186,82
LytR_cpsA_psr	212,80,62
Gp_dh_N	212,98,148
WYL	186,47,188
HTH_11	188,106,60
MerR-DNA-bind	152,80,196
NTP_transf_3	52,209,196
TerC	221,113,97
Malate_synthase	84,70,202
DUF3618	181,62,219
Abhydrolase_4	224,194,107
RecQ_Zn_bind	207,93,128
RNase_HII	76,183,124
ADP_ribosyl_GH	215,124,105
TerD	84,103,187
PTPS	179,224,60
DUF4937	140,203,94
AdoMet_dc	104,90,186
DUF320	97,98,208
DUF43	179,207,90
Iso_dh	109,54,206
Aconitase	180,189,85
HMGL-like	84,228,141
DUF1801	120,214,95
Aconitase_C	63,185,92
DUF3050	203,95,181
ABC2_membrane_4	203,161,59
Peptidase_C26	203,162,57
TENA_THI-4	95,149,219
Beta_helix	197,72,157
Atu4866	126,228,60
Macro	65,211,62
Inositol_P	67,210,137
Meth_synt_1	102,88,199
ETF	218,56,91
K_oxygenase	81,213,119
Meth_synt_2	163,221,87
ETF_alpha	59,72,212
Pyridoxal_deC	100,218,166
Imm49	115,220,66
PAPS_reduct	87,190,105
NIR_SIR	96,208,89
NIR_SIR_ferr	51,200,158
Glyco_hydro_46	208,68,106
Ada_Zn_binding	176,85,197
BPL_LplA_LipB	228,147,105
Pentapeptide	186,52,164
Fapy_DNA_glyco	124,229,81
zf-FPG_IleRS	167,86,192
H2TH	57,227,194
DUF364	96,86,186
UPF0066	51,82,185
DUF1295	84,216,56
Pyr_redox_dim	191,148,67
MerR	185,57,157
DUF2239	221,109,58
Collar	76,212,168
PaaB	158,180,53
PaaA_PaaC	192,90,143
N6_Mtase	46,179,90
PaaX	208,67,203
Glyco_hydro_16	213,60,152
G6PD_C	161,208,98
PGI	160,69,196
G6PD_N	176,80,200
DUF4981	198,111,90
Bgal_small_N	180,83,167
PaaX_C	110,217,80
OpcA_G6PD_assem	198,163,70
CBM_6	79,51,186
FeS_assembly_P	171,209,57
DUF2264	70,181,144
NifU_N	109,58,209
Trypsin_2	126,86,188
HhH-GPD	190,78,115
EndIII_4Fe-2S	203,113,64
RPE65	67,104,178
Colicin_V	45,82,181
Phage_holin_3_6	60,106,180
LCAT	189,59,71
Sugar-bind	198,52,101
DUF900	52,155,198
Barstar	180,74,147
Ribul_P_3_epim	51,162,202
SWIM	76,197,68
ANAPC5	215,83,158
TrmB	175,92,191
HTH_26	210,216,86
CBM_2	224,89,220
DUF2975	62,193,110
PHZA_PHZB	179,85,75
DUF35_N	189,90,191
Chal_sti_synt_C	139,212,63
Chal_sti_synt_N	60,181,161
OB_aCoA_assoc	76,159,198
ICMT	100,223,104
CbiX	93,58,208
Cation_ATPase_C	76,203,161
TruD	166,221,59
MFS_2	68,198,83
FAE1_CUT1_RppA	70,220,135
Penicil_amidase	62,133,186
GHMP_kinases_C	95,112,219
FMN_dh	59,82,204
SQHop_cyclase_C	191,58,201
Prenyltrans	218,215,79
GHMP_kinases_N	190,54,91
tRNA_edit	87,163,195
NMT1_2	139,182,81
Ald_Xan_dh_C	127,182,88
ATP-grasp_4	197,156,74
SelA	95,92,203
Ald_Xan_dh_C2	194,143,89
Cas_Cas5d	93,145,206
CRISPR_Cse2	177,201,82
CO_deh_flav_C	68,181,100
DUF4096	196,73,104
CRISPR_Cse1	224,77,189
Glucokinase	142,225,61
WD40	190,108,62
Mem_trans	178,51,81
Fer2_2	67,193,124
2OG-FeII_Oxy_5	116,189,68
CRISPR_assoc	196,187,97
TniQ	184,67,171
Cas_CT1975	65,71,216
DDE_Tnp_1_2	94,207,193
TniB	217,61,196
FAD_binding_5	67,160,198
SHMT	215,97,215
YceG	187,101,52
AIM24	186,55,82
ThiC_Rad_SAM	195,97,107
VanY	210,83,131
OpuAC	81,218,80
PDH	90,185,212
ThiC-associated	188,145,47
Pup_ligase	163,91,197
Peptidase_M15	224,66,206
RMMBL	75,144,204
Mur_ligase_M	57,133,195
Lactamase_B_2	62,169,197
Dala_Dala_lig_N	55,160,179
Dala_Dala_lig_C	202,54,160
Mur_ligase	64,188,155
Sulfotransfer_1	66,135,208
FemAB	56,203,71
Rrf2	73,178,133
Mur_ligase_C	197,75,168
DnaB_C	79,89,193
Na_H_antiporter	115,72,216
ABG_transport	88,217,101
B3_4	97,63,226
Prenyltransf	129,224,60
Amidohydro_3	228,157,101
Abhydrolase_8	194,151,87
DDE_Tnp_ISL3	227,129,58
Peptidase_M19	178,227,92
GST_N_2	52,193,170
DUF1857	65,163,199
PAS_6	214,82,179
SIP	75,222,95
FAD_binding_9	58,190,106
Plug	99,133,214
HTH_22	61,217,91
PALP	180,55,145
FhuF	76,151,221
IucA_IucC	221,104,121
Acetyltransf_8	106,224,203
Trp_dioxygenase	50,195,197
GIIM	217,86,208
KaiA	100,209,202
RVT_1	85,219,135
ABC_membrane_2	120,179,45
RVT_N	220,106,212
Sulfotransfer_2	192,80,119
HNH	118,184,79
NKWYS	162,59,200
Semialdhyde_dh	191,106,221
Semialdhyde_dhC	57,188,185
DUF3410	91,181,80
EIAV_GP90	208,83,149
DUF1974	81,182,202
P5CR_dimer	212,112,96
HlyD_D23	70,190,92
BioY	209,203,81
Peptidase_M17_N	216,155,96
Peptidase_M17	81,178,163
AlaDh_PNT_N	60,217,133
DUF2278	102,216,88
AlaDh_PNT_C	96,211,180
Na_H_antiport_2	136,93,202
PAP2	133,203,94
MMR_HSR1_Xtn	71,61,188
HET	222,108,192
PIR	203,87,107
GLEYA	213,183,73
TGS	201,81,163
Spo12	184,96,63
Far-17a_AIG1	171,206,94
Calreticulin	56,221,109
TatD_DNase	91,81,210
Phosphodiest	178,65,158
IGPS	183,89,153
Glycos_transf_3	73,116,182
NAD_binding_5	61,197,70
Glycos_trans_3N	156,69,183
OTCace	215,107,106
DUF2201_N	133,179,46
EF-hand_8	214,55,143
DUF2201	202,92,95
NYN	215,71,199
AAA_5	216,227,88
OTCace_N	223,74,58
BLIP	215,90,200
MecA_N	226,116,74
HTH_3	105,79,202
ABC2_membrane_2	70,194,214
AIG2_2	224,105,141
GST_N_3	220,154,91
Glyco_hydro_30C	222,173,92
Big_4	133,184,71
Glyco_hydro_30	90,180,102
GSDH	199,57,124
Glyco_hydro_127	141,69,188
PhoD	190,92,124
Sacchrp_dh_NADP	90,186,91
DHO_dh	127,188,80
Glyco_hydro_42	225,128,112
Creatininase	216,60,128
Glyco_trans_4_4	143,60,202
Glyco_hydro_42M	190,215,94
tRNA-synt_2c	159,80,191
ACR_tran	63,191,60
TonB_dep_Rec	171,200,51
FhuF_C	216,71,91
DUF3325	202,194,95
PepSY_TM	68,227,157
DDE_Tnp_4	89,93,205
AcetDehyd-dimer	216,81,210
DmpG_comm	87,215,135
HTH_Tnp_4	71,220,91
Cupin_8	91,167,190
Peptidase_M4_C	184,92,211
Fer4_17	92,229,73
DNA_ligase_A_N	204,57,111
Polysacc_lyase	194,179,93
DUF2252	161,58,189
DUF3516	138,216,72
Ricin_B_lectin	109,123,228
Peptidase_M4	71,102,203
B_lectin	73,203,162
Peptidase_S8	193,159,94
YdjM	140,223,68
DUF389	155,211,104
FtsK_SpoIIIE	89,224,173
ATP-synt_ab	187,135,93
PigN	100,98,224
RGS	87,127,190
Glyco_hydro_32C	209,64,201
Glyco_hydro_32N	108,183,84
Rtt106	187,66,119
Eisosome1	200,80,81
Cytochrom_B561	101,152,219
Cu_amine_oxidN2	97,214,141
DUF647	215,101,170
SBP_bac_3	186,76,141
Malic_M	222,99,188
malic	127,46,186
DXP_synthase_N	46,179,173
Rhomboid	210,72,145
DUF3000	97,224,134
URO-D	186,206,58
HRDC	91,116,211
Glyphos_transf	55,181,67
DNA_pol_A_exo1	222,60,61
UvrD-helicase	91,222,150
PilZ	62,150,178
BCCT	206,109,74
BenE	92,227,90
5-nucleotidase	184,130,52
CorC_HlyC	60,114,228
TOBE_2	70,123,193
Peptidase_U32	181,49,59
CBS	220,56,105
TPR_19	182,60,145
DUF3656	210,64,129
CSS-motif	126,95,216
EAL	204,100,120
Trep_Strep	200,75,172
Fe_dep_repress	56,220,176
Fe_dep_repr_C	217,122,64
CbiQ	217,92,216
Methyltransf_33	228,226,80
DUF2797	95,198,159
GatB_Yqey	84,191,125
Glu-tRNAGln	80,186,201
GatB_N	66,215,132
5_3_exonuc_N	118,228,108
SKI	62,197,58
DNA_pol3_delta2	188,69,141
zf-dskA_traR	77,182,70
DUF2470	77,184,50
ASL_C2	107,69,187
Acid_phosphat_B	128,96,194
FG-GAP	84,217,101
Asp_Arg_Hydrox	110,77,203
Dioxygenase_C	96,217,213
PCDO_beta_N	58,217,189
RsgA_GTPase	89,182,98
Pro_3_hydrox_C	99,175,213
HTH_21	114,195,68
Mycobact_memb	64,97,225
HTH_Tnp_1	85,212,107
SfLAP	86,70,182
Acyl-CoA_dh_C	208,149,57
PE-PPE	205,84,227
zf-ISL3	94,212,144
HTH_Tnp_ISL3	203,97,164
AcylCoA_DH_N	209,59,129
PRiA4_ORF3	199,73,132
DUF1648	190,101,86
Recombinase	92,198,102
Zn_ribbon_recom	91,199,80
SdpI	74,217,194
Resolvase	99,177,201
DUF3327	49,154,189
M20_dimer	218,154,97
ArgK	200,208,71
PGM_PMM_IV	74,205,143
PGM_PMM_III	67,204,90
PGM_PMM_I	217,133,102
PGM_PMM_II	192,221,60
CemA	188,114,72
Gly_transf_sug	175,85,208
Alpha-amylase	72,189,149
Ank_4	62,205,90
Bac_globin	81,104,192
AAA_21	215,121,101
2OG-Fe_Oxy_2	201,88,89
DAP_epimerase	111,196,62
AraC_binding_2	226,106,111
UPRTase	62,144,207
DUF2461	182,154,60
FMN_bind_2	182,45,159
Glyco_hydro_15	185,199,89
Cyt_bd_oxida_I	64,127,201
TctA	202,54,202
DUF475	64,191,227
Cyt_bd_oxida_II	228,79,211
TctB	52,188,110
DUF4129	81,185,63
DUF3488	71,204,114
DUF1298	185,95,215
Transglut_core	208,223,79
WES_acyltransf	215,100,175
DAGAT	105,76,223
AAA_3	225,222,92
Hydantoinase_A	126,186,91
Hydant_A_N	116,89,225
Hydantoinase_B	221,153,86
3Beta_HSD	212,81,225
OmpA	121,200,70
CorA	65,141,201
LolA_like	189,100,83
Mqo	73,180,113
MgtC	193,85,162
CCP_MauG	214,79,187
Endonuclease_NS	143,220,95
DUF4287	85,192,152
DUF2789	173,83,214
DUF308	52,179,67
DUF454	89,204,158
DUF2383	95,121,220
Globin	214,76,178
GDPD	196,119,93
DUF2156	212,197,83
DUF4135	228,84,217
DUF4198	89,214,86
Topoisom_I	158,205,101
HupE_UreJ	190,188,89
Heme_oxygenase	227,219,74
GH-E	159,54,210
NIPSNAP	118,80,216
GT87	110,68,183
DUF1485	101,127,217
Acylphosphatase	79,219,111
CstA	153,59,192
Cytochrome_P460	61,220,181
CstA_5TM	224,155,111
Flp_Fap	90,199,208
DUF3463	193,51,57
DOPA_dioxygen	127,73,201
Sel_put	114,219,96
OpgC_C	65,222,148
LYTB	155,62,193
MlrC_C	192,174,73
Peptidase_M28	190,82,105
Esterase_phd	189,202,77
3-dmu-9_3-mt	64,57,201
SPASM	183,66,65
DUF2188	225,99,221
DUF1843	64,92,205
DUF1842	121,208,70
Glyco_transf_54	96,204,143
Peptidase_S41	178,89,184
PhosphMutase	131,186,83
PEP_mutase	215,91,155
CTP_transf_like	110,215,57
Acetyltransf_4	162,66,181
Robl_LC7	60,73,216
OPT	199,85,74
Enolase_C	70,106,194
GHL10	213,157,96
Peptidase_S13	222,106,76
DUF1360	62,62,180
GCV_T_C	184,178,54
GCV_T	112,228,161
Cation_ATPase_N	174,102,225
WG_beta_rep	211,225,108
LprI	150,179,83
STN	78,190,205
Hist_deacetyl	184,51,130
DUF1731	63,110,190
APH_6_hur	92,202,190
Fer4_12	213,229,100
Thioredoxin_2	210,154,89
GFA	68,192,55
DsbC	68,196,119
DUF4011	112,168,229
DUF3349	206,160,99
Dehyd-heme_bind	199,82,167
Qn_am_d_aII	227,76,86
2CSK_N	207,229,84
DUF4337	56,210,188
Qn_am_d_aIV	216,59,82
Thioredoxin_7	143,52,187
Peptidase_M24_C	86,220,93
AAA_12	128,64,192
AAA_11	202,54,99
Lipoprotein_9	162,197,97
LeuA_dimer	182,95,71
Qn_am_d_aIII	55,181,63
QH-AmDH_gamma	88,213,69
DsbD	89,192,111
Creatinase_N_2	101,206,92
PBP_dimer	90,211,197
LGT	140,56,206
Biopterin_H	178,114,49
DUF3533	89,188,170
PMT	192,92,197
Glyoxalase_2	180,59,108
Cofilin_ADF	119,84,183
DUF1905	86,196,107
MelC1	182,64,58
OmdA	212,104,109
ATP-grasp_3	84,156,185
PhzC-PhzF	223,91,96
Multi_Drug_Res	199,75,202
DUF3995	84,135,199
DNA_pol3_beta	201,83,112
Arginosuc_synth	93,212,110
Arg_repressor	219,102,162
Arg_repressor_C	80,175,218
AA_kinase	148,78,224
ArgJ	81,120,181
Nuc_deoxyri_tr2	150,222,97
CobW_C	172,98,218
DNase_NucA_NucB	226,110,190
YitT_membrane	155,63,204
SIS	212,106,227
DUF2680	194,169,75
ADH_N_assoc	221,55,66
ComJ	226,214,112
PAP2_3	89,191,133
Tautomerase_2	212,61,104
SGL	210,60,225
fn3	203,70,135
FTP	225,91,194
RCC1_2	81,70,188
PepSY	127,66,203
Chlorophyllase2	225,187,68
RCC1	104,191,58
GTP_cyclohydroI	48,180,84
DDE_Tnp_ISAZ013	208,208,80
Germane	94,187,226
tRNA-synt_1b	82,63,204
S4	93,184,76
HTH_29	163,71,225
NPP1	187,158,82
Alk_phosphatase	172,203,66
DUF469	81,158,187
Pro_Al_protease	180,74,226
SapC	104,217,175
Phage_holin_3_1	195,55,135
OKR_DC_1	81,100,217
T6SS_HCP	228,113,111
OKR_DC_1_N	202,209,99
OKR_DC_1_C	141,108,220
DUF4872	63,228,88
BtrH_N	159,218,73
DNA_alkylation	215,156,71
DUF2087	169,56,213
PTS_EIIC	73,199,212
RNase_PH	201,109,229
Transgly	172,107,216
Ham1p_like	76,199,61
PTS_EIIB	188,77,92
ABC2_membrane_6	223,99,59
RNase_PH_C	81,207,213
DUF445	88,190,144
KH_4	210,54,170
Ribosomal_S16	180,71,61
SRP_SPB	109,179,74
Y1_Tnp	198,164,60
SRP54	107,219,168
SRP54_N	179,66,186
XisI	139,215,88
FAD_binding_7	206,143,93
DNA_photolyase	87,58,223
BrnT_toxin	81,152,189
DUF559	191,106,66
DUF433	205,68,213
ParD_antitoxin	185,115,52
Thioredoxin	220,109,180
LytTR	207,76,174
Peptidase_C39	214,226,77
BacteriocIIc_cy	121,181,84
SpoIIM	96,132,207
ABC2_membrane_5	176,207,85
HATPase_c_5	137,71,210
Bacteriocin_IId	200,220,70
TraF	99,217,102
AgrB	181,182,61
AICARFT_IMPCHas	212,188,65
Glyco_hydro_12	214,54,209
F_bP_aldolase	188,67,71
Lantibiotic_a	140,86,183
HTH_19	72,216,183
L_biotic_typeA	206,129,75
DUF3991	155,95,210
Mersacidin	112,97,225
Nif11	82,202,204
CoA_binding_2	212,69,78
DUF1949	71,198,213
UPF0029	123,190,85
Lant_dehydr_C	107,223,113
MCPsignal	104,174,223
4HB_MCP_1	100,214,134
Gallidermin	66,195,175
Lant_dehydr_N	219,60,229
Antimicrobial18	76,69,195
HTH_7	223,208,93
DUF218	60,150,205
ComX	171,183,48
bPH_2	228,219,97
Lac_bphage_repr	228,206,68
Bacteriocin_IIi	114,178,85
Relaxase	83,211,222
DUF2511	204,93,76
AAA_31	144,187,62
RepA_N	221,85,68
TraX	77,71,189
CW_binding_1	185,86,176
Glyco_hydro_70	204,100,135
Streptin-Immun	202,134,81
IMS_HHH	81,199,189
IMS	187,207,75
Toprim_2	98,107,198
IMS_C	68,195,187
DDE_Tnp_1_assoc	95,129,194
Pentapeptide_4	228,182,106
HTH_34	67,118,220
Transglut_core3	63,111,179
PqqD	124,62,188
MauE	177,83,181
Thioredoxin_4	46,180,48
GlcNAc_2-epim	117,87,186
Thioredox_DsbH	55,198,192
HlyC	53,200,189
Phage_integrase	91,96,195
PemK_toxin	81,193,221
StbA	59,226,99
Plasmid_stab_B	70,197,91
HlyD	100,228,198
Histone_HNS	192,206,65
Inhibitor_I10	179,147,51
RimK	192,59,192
MreB_Mbl	55,204,164
Pkinase_Tyr	90,143,181
MatC_N	101,217,181
Inhibitor_I42	131,225,100
Peptidase_C1	78,125,201
Thioredoxin_8	180,174,87
Peptidase_M16	70,225,127
Subtilosin_A	190,123,83
DUF4145	216,136,54
IstB_IS21	205,68,192
Ribosomal_L11_N	46,118,184
Ribosomal_L11	227,212,100
PriCT_1	74,114,216
HTH_28	61,197,72
BATS	91,179,207
DUF421	165,197,85
PBP_like_2	160,200,96
HSP20	148,223,75
DUF326	196,97,124
RNA_pol_Rpb1_4	55,181,110
Ribosomal_S7	205,95,228
Ribosomal_L1	114,213,90
RNA_pol_Rpb1_2	166,226,92
RNA_pol_Rpb1_5	203,97,183
Ribosom_S12_S23	171,52,184
RNA_pol_Rpb1_3	151,80,202
SQS_PSY	178,91,49
DUF2867	97,120,227
ABC_tran_Xtn	54,177,199
GTP_EFTU_D2	69,184,189
TSNR_N	81,164,187
GTP_EFTU_D3	213,153,104
Mob_Pre	51,103,188
Bacteriocin_II	73,187,108
EntA_Immun	192,143,75
Bacteriocin_IIc	158,186,86
Gram_pos_anchor	45,94,179
Rep_2	85,228,225
RNA_helicase	186,65,156
Enterotoxin_ST	61,229,146
Glutaredoxin	77,192,167
Amidase_3	174,223,57
ComC	94,149,201
TPR_10	211,98,167
PrmA	165,213,101
TfuA	196,226,76
DNA_pol_A	170,75,203
DUF3328	215,82,196
TipAS	94,74,206
LigB	202,182,53
TrkH	67,179,142
Lycopene_cycl	212,80,200
Iron_permease	223,108,176
Glyco_hydr_30_2	181,199,55
Glyco_hydro_42C	202,73,111
TonB_C	196,207,101
Glyco_trans_4_3	114,224,74
TspO_MBR	191,88,103
Suc_Fer-like	70,187,139
Ubie_methyltran	90,83,226
CarbopepD_reg_2	198,51,128
Glyco_hydro_88	81,95,186
GcpE	61,170,205
UvrD_C	211,102,116
SQHop_cyclase_N	88,190,89
PTase_Orf2	121,52,185
DoxX	93,188,216
Terpene_synth_C	219,91,215
cNMP_binding	138,95,204
LEH	165,198,57
DXP_reductoisom	106,225,169
DXP_redisom_C	160,186,55
DXPR_C	184,95,48
Trp_syntA	101,209,118
AAA_17	217,172,75
Terpene_synth	74,159,219
ACOX	160,60,188
ACT_7	227,81,80
DUF485	74,157,199
SET	69,182,89
RRM_1	183,87,84
QueF	91,158,228
FmrO	91,151,191
TGT	61,158,187
SAF	203,50,144
Glyco_tranf_2_5	220,96,135
NAD_binding_3	89,165,190
Glyco_hydro_77	223,71,228
TIG	194,198,96
CBM_20	189,66,101
Glyco_hydro_59	128,184,54
Alpha-amylase_C	60,49,183
PUD	229,95,205
Glyco_transf_5	85,134,200
Hydrolase_3	195,74,128
DUF371	83,213,119
VIT1	223,222,68
AMP-binding_C_2	184,90,149
Glyco_hydro_65N	73,213,222
Glyco_hydro_65C	72,122,191
Glyco_hydro_65m	190,87,121
Polysacc_synt_2	103,215,129
SUFU	71,228,75
DUF742	68,136,228
NIT	185,78,149
DUF4140	211,159,86
QueC	217,93,123
ATP_bind_1	211,191,83
DUF4139	110,201,93
DUF4185	169,59,211
PHP	167,87,219
HHH_8	83,210,138
DUF885	208,54,141
BRCT	69,217,144
RGP	98,51,186
Inos-1-P_synth	206,100,116
AAA_33	83,141,224
Mu-transpos_C	73,158,216
SIS_2	87,217,81
GalP_UDP_transf	67,205,199
N6_N4_Mtase	54,198,162
VKOR	178,50,183
DUF4379	91,223,148
DUF1917	100,214,193
DUF4158	93,106,195
DDE_Tnp_Tn3	92,211,195
Urease_beta	166,70,221
TraG-D_C	191,70,55
Phage_holin_4_2	207,69,163
Cas_Cas2CT1978	136,54,185
SLT	181,60,156
DUF2637	200,100,66
PAD_porph	68,195,113
DUF3560	165,218,101
5-FTHF_cyc-lig	201,76,201
DUF4326	79,196,132
Nitrate_red_del	193,50,184
NLPC_P60	187,86,137
DAGK_cat	92,98,205
Pterin_4a	109,209,90
LapA_dom	129,84,199
TAT_signal	85,137,217
DUF2786	191,60,131
TrwC	65,215,103
DUF5107	213,102,174
ANTAR	113,53,203
Fer4_11	61,193,49
Cas_Cas1	84,220,92
Whib	207,97,52
Phage_int_SAM_3	202,93,203
Peptidase_M55	94,138,195
DUF4436	141,96,194
Nitr_red_bet_C	203,122,62
Nitrate_red_gam	227,87,116
SnoaL_3	182,82,66
CarboxypepD_reg	201,63,96
PAS	205,221,64
ArsB	207,201,91
PS_Dcarbxylase	101,220,65
CDP-OH_P_transf	100,201,161
IDH	188,70,62
NaeI	125,182,79
DUF309	226,131,98
Antibiotic_NAT	93,59,220
CBM_5_12	63,218,156
WGR	69,124,182
CAP	189,95,74
PQQ_3	154,89,181
Cupin_5	142,208,95
Glyco_hydro_18	226,95,151
Pyridox_ox_2	102,80,216
Fer4_14	183,137,47
Ribosomal_L20	221,85,111
SpoU_sub_bind	99,204,143
tRNA-synt_2d	88,202,82
B5	94,91,186
IF3_N	226,105,214
IF3_C	122,214,90
MIP	105,207,228
DUF1918	79,88,192
NIL	151,90,196
tRNA_bind	192,51,118
FDX-ACB	152,84,215
Ribosomal_L35p	87,201,54
GPP34	221,100,205
SseB	221,181,60
Phe_tRNA-synt_N	185,106,54
ATP-grasp_5	194,96,199
DUF1326	185,64,126
Shikimate_DH	94,182,59
Cupin_4	100,90,217
Peptidase_M3	56,183,126
DUF2182	88,205,177
MBOAT	116,79,215
ALGX	104,217,140
CBM_26	71,213,188
Alginate_exp	128,200,52
Alginate_lyase	209,93,208
MannoseP_isomer	53,184,51
AlgF	132,198,87
Pribosyltran_N	198,87,51
Pribosyl_synth	229,120,92
PRAI	123,74,199
Poly_export	125,185,59
Polysacc_synt	71,213,101
Caps_assemb_Wzi	58,137,189
CoA_binding_3	153,200,97
Alg14	171,179,66
Wzz	184,132,90
LMWPc	199,53,196
GNVR	77,110,190
PS_pyruv_trans	211,93,213
Bac_transf	57,165,209
SLBB	92,145,209
Glyco_hydro_39	81,192,91
Wzy_C	106,219,107
Capsule_synth	183,215,64
Glyco_trans_1_2	67,127,200
Epimerase_2	212,113,103
DUF3880	190,203,93
Stealth_CR2	187,196,49
Stealth_CR1	125,69,194
ANAPC3	158,66,183
DDE_Tnp_IS1595	211,88,85
AAA_13	102,211,211
SPOUT_MTase	187,85,81
O-ag_pol_Wzy	151,79,184
Stap_Strp_tox_C	172,186,83
Glyco_trans_4_2	190,91,205
Stap_Strp_toxin	101,197,65
DUF960	92,227,218
TfoX_N	80,46,184
PI-PLC-X	181,46,66
SAUGI	179,55,77
DUF576	227,109,110
Dus	178,84,152
Rhamno_transf	57,62,216
Exosortase_EpsH	94,107,207
DUF3485	77,215,143
DUF1289	84,199,130
2OG-FeII_Oxy_3	163,67,223
Rotamase_2	77,77,182
ParA	107,194,90
Hepar_II_III_N	73,128,205
FKBP_N	157,68,193
FKBP_C	137,65,200
Hepar_II_III	92,170,189
Glyco_tran_WecB	83,144,229
MutS_V	106,217,199
MutS_I	208,180,91
MutS_III	87,171,208
Caps_synth	199,186,82
SurA_N_3	84,156,193
VPEP	125,218,99
MutS_II	191,184,60
BBP2_2	194,81,181
Polysacc_synt_3	90,196,165
Head_binding	105,185,52
EpsG	148,193,88
NAGPA	174,75,205
Polysacc_synt_C	222,92,150
GLF	169,187,61
Peptidase_M78	182,213,77
Glyco_transf_11	101,92,208
Branch	141,183,61
DUF4422	182,186,90
DNA_gyraseB_C	184,59,116
DNA_gyraseB	66,134,179
DUF1624	166,59,205
DUF938	90,218,195
Toprim	95,212,145
DUF732	96,199,66
Phage_capsid	190,161,71
CTP_transf_3	198,69,151
CgtA	90,96,199
NeuB	225,145,80
CST-I	200,60,176
Glyco_transf_9	200,89,91
Glyco_transf_7C	218,95,200
Lip_A_acyltrans	95,219,149
LZ_Tnp_IS481	93,211,191
DUF4398	97,187,81
RgpF	109,228,177
T2SSE	201,94,126
Glyco_tran_WbsX	154,50,178
DUF465	83,221,164
GST_C_2	228,199,74
Wzt_C	91,192,197
Glycos_transf_4	179,46,82
Glycos_transf_N	84,216,75
Glyco_transf_8C	118,204,65
WaaY	88,95,197
Glyco_transf_8	208,74,95
Kdo	64,86,229
Glyco_transf_25	71,196,156
OMP_b-brl	200,118,85
ALO	58,139,185
WavE	227,79,117
AHH	211,67,212
TIM	57,136,212
YjbH	190,185,78
YjbF	69,189,155
PMI_typeI	61,229,93
DAGK_prokar	54,189,137
DUF212	215,62,131
DUF4150	86,181,80
LPG_synthase_TM	98,201,219
Glyco_transf_90	184,182,87
Caps_synth_GfcC	93,196,216
Bac_DNA_binding	73,205,204
S1	102,56,190
rve_3	75,178,160
DcuC	204,117,55
Glyco_tranf_2_2	77,210,64
Glyco_transf_52	109,183,59
Virul_fac_BrkB	223,82,207
SLH	106,215,138
HTH_33	178,60,202
Terminase_5	199,200,96
PcrB	118,57,187
Dimer_Tnp_hAT	186,85,62
DUF4371	67,212,175
SIR2_2	70,187,154
HemolysinCabind	73,143,181
HWE_HK	73,191,195
CBM_48	166,223,94
DUF3459	55,147,193
A_amylase_inhib	92,208,181
DUF3263	96,85,185
Peptidase_M48	70,152,228
HicA_toxin	182,96,204
IspD	113,223,84
Ldh_1_N	205,51,142
Ldh_1_C	94,219,97
Hydrolase_6	78,107,184
Topoisom_bac	136,196,98
Toprim_C_rpt	146,209,96
HTH_17	179,100,76
TauE	105,203,95
DUF2516	75,104,211
DUF1998	161,180,86
Pro_dh	103,199,72
Oxidored_q2	73,55,194
GT-D	130,225,76
LicD	184,165,54
Proton_antipo_N	120,87,218
DUF1794	168,61,214
H_PPase	191,92,155
Hydrolase_like	202,89,70
T7SS_ESX_EspC	64,186,152
YbaB_DNA_bd	186,75,123
EndoU_bacteria	51,118,178
Fe-ADH_2	57,214,170
Stealth_CR3	86,134,207
Stealth_CR4	206,228,60
Ferritin-like	159,71,195
Catalase	191,89,74
Catalase-rel	79,179,148
Q_salvage	47,187,100
Acetyltransf_7	183,210,60
UAE_UbL	198,102,73
BacA	78,220,196
Band_7	218,155,102
HrpB_C	214,71,97
DUF2809	131,220,60
OppC_N	167,178,88
Sterol_MT_C	65,219,176
CHAP	54,187,84
YjbR	66,212,177
DUF5128	67,171,188
LolA	84,160,208
DUF3261	224,86,172
OMP_b-brl_2	75,129,209
Virulence_RhuM	94,147,201
DUF2062	205,100,69
Bac_surface_Ag	148,194,51
DPPIV_N	212,154,99
TamB	66,216,187
POTRA	97,223,73
Peptidase_S58	222,70,152
Glyco_hydro_81	72,174,181
Asparaginase_2	153,88,193
PAD	183,123,85
FemAB_like	206,229,102
DUF3742	88,220,153
tRNA_Me_trans	197,86,150
CDPS	66,210,97
Ectoine_synth	225,176,81
Alkyl_sulf_C	227,74,132
Alkyl_sulf_dimr	209,194,83
CHASE4	219,204,62
GGDEF	62,170,199
PK	90,209,79
Cytochrome_CBB3	49,184,120
Cytochrom_C	130,184,61
ASCH	208,181,89
FixP_N	115,208,75
DUF1778	115,223,63
UPF0061	80,146,212
VF530	108,210,95
PK_C	157,190,51
FixO	185,78,189
DUF2784	218,98,196
Inhibitor_I9	171,79,191
P_proprotein	219,88,55
Phasin	170,196,71
PhaC_N	147,68,191
PHB_acc	90,173,181
PHB_acc_N	179,66,50
PHA_synth_III_E	219,141,78
Phasin_2	150,71,183
DUF2088	183,68,131
Sterile	157,58,225
PYNP_C	204,173,76
HTH_27	130,111,228
Arylsulfotran_2	81,204,122
AAA_18	77,199,166
LTD	71,205,221
DUF2071	209,75,163
ATP-grasp	86,179,93
Cation_ATPase	200,58,79
Complex1_51K	84,180,118
NADH_4Fe-4S	95,196,140
BON	62,222,71
TrkA_C	76,186,211
Thy1	50,175,182
TrkA_N	120,217,104
PA	96,125,211
Adenylsucc_synt	198,70,120
NHase_alpha	204,148,70
NHase_beta	192,161,86
Nuc_deoxyrib_tr	142,182,49
PIN	91,217,126
Homoserine_dh	219,100,144
Asp23	195,60,141
Arg_tRNA_synt_N	123,182,87
ACT	67,209,69
AzlC	70,147,184
DALR_1	90,223,221
AzlD	89,184,63
DNA_processg_A	72,189,53
DDE_Tnp_1_3	205,75,164
Reductase_C	71,86,184
Rubredoxin	130,88,185
Pro_CA	215,92,126
QueT	78,126,222
CPSase_sm_chain	183,185,63
Cyanate_lyase	72,88,181
Gly_kinase	77,186,228
Acetyltransf_6	110,194,95
Ldh_2	125,220,90
DUF190	92,223,56
Porphobil_deamC	171,104,225
ResB	86,122,179
ALAD	119,78,220
NAD_binding_7	229,162,111
HEM4	191,152,50
Porphobil_deam	172,226,73
GlutR_dimer	114,191,48
GlutR_N	127,92,198
FdhE	204,174,95
MttA_Hcf106	74,206,98
Cytochrom_C_asm	209,148,97
Sirohm_synth_M	204,86,153
Cu_amine_oxidN1	219,151,89
TatC	84,193,209
CysG_dimeriser	111,225,67
RNase_H	225,86,224
Dynamin_N	114,185,61
CheW	141,221,87
TPP_enzyme_M_2	60,158,198
DUF883	47,178,125
AvrD	202,218,86
DPBB_1	64,117,187
MtrA	226,98,90
Glyco_hydro_19	105,170,214
SBP_bac_11	202,228,104
MoaC	81,126,206
MobB	82,164,191
Mob_synth_C	149,103,225
GalKase_gal_bdg	76,105,227
MoeA_N	93,188,107
MoaE	70,60,221
MoCF_biosynth	75,187,175
GalP_UDP_tr_C	223,87,203
MoeA_C	59,190,161
Metal_hydrol	72,190,117
PapD_C	79,204,67
PapC_N	119,201,87
PapC_C	56,207,188
Usher	95,174,210
PapD_N	72,109,195
DUF1864	86,178,181
Prok-JAB	187,62,157
UPF0047	101,99,228
DUF4885	135,182,68
DUF2309	209,66,177
DHBP_synthase	84,51,187
Lum_binding	107,211,72
NMN_transporter	79,222,192
GTP_cyclohydro2	50,54,188
DMRL_synthase	86,187,81
TRI5	66,189,108
Tri3	194,209,91
Na_sulph_symp	94,204,141
ChaC	190,220,58
PNP_phzG_C	86,221,142
Chorismate_synt	118,90,209
YqeY	105,215,169
ArsA_ATPase	210,53,214
YjgF_endoribonc	97,153,228
DUF4177	224,108,57
DUF402	135,185,68
CYTH	184,209,78
Phosphonate-bd	150,187,81
Ala_racemase_N	87,82,180
Z1	53,205,66
Mrr_cat	58,187,128
HTH_23	77,216,116
TetR_C_13	70,93,207
DinB_2	184,90,185
DUF4902	65,108,210
Sulfate_transp	189,61,212
HTH_5	95,208,123
PhnA	182,146,64
PhnA_Zn_Ribbon	185,196,56
D5_N	202,89,142
Dyp_perox	189,65,79
Ribosomal_L36	48,189,105
PFL-like	90,117,182
CPT	172,201,89
DUF1679	186,56,216
5_nucleotid_C	215,156,101
SPRY	188,212,53
DUF1330	195,84,105
rve_2	97,193,73
DUF1706	199,141,80
Arm-DNA-bind_3	47,183,132
His_kinase	87,219,195
Phage_GPD	123,216,82
Asp_decarbox	223,94,196
Phage_int_SAM_1	112,78,223
MVIN	58,92,194
LytR_C	116,196,86
DUF393	151,216,64
Cons_hypoth95	220,198,67
CBM_25	132,223,95
Mannitol_dh_C	196,64,94
Mannitol_dh	221,155,56
ASRT	202,98,195
ZT_dimer	78,228,68
NrfD	58,224,159
DUF3341	85,97,203
COX2	140,56,199
Fer4_7	138,229,96
AtuA	118,206,76
GreA_GreB_N	109,94,217
GreA_GreB	196,189,58
MinE	123,211,87
zf-TFIIB	96,215,65
MinC_C	63,191,127
ComFB	157,225,98
AraC_N	112,52,192
Urocanase	77,191,148
tRNA-synt_2_TM	228,108,208
Sucrose_synth	81,164,199
CBAH	68,101,208
Ribonuclease	63,100,201
RHS	179,135,65
YbbR	184,85,86
RIO1	101,199,84
AMP_N	91,200,145
DUF3372	202,92,223
DUF2630	176,207,70
DsbB	80,174,206
Cob_adeno_trans	53,94,194
LGFP	138,50,188
ApbE	166,221,108
FMN_bind	82,219,176
NTP_transf_2	55,187,183
CoA_binding	57,204,178
Glyco_hydro_9	55,57,193
THF_DHG_CYH_C	147,183,86
THF_DHG_CYH	208,67,229
Ligase_CoA	184,103,76
ATP-grasp_2	76,220,127
McyA_C	214,132,76
SUKH_6	87,162,215
DNA_pol3_beta_3	51,193,80
DUF4111	49,193,165
PhoD_N	139,73,219
Peptidase_C39_2	228,224,83
Peptidase_A8	79,62,214
DTW	113,93,198
Asp	210,100,210
DDE_Tnp_IS66	189,225,106
KOW	76,136,191
VWA_3	69,203,208
DUF2434	185,69,132
COG5	185,140,82
VIT	89,125,212
La	92,164,213
VKG_Carbox	186,63,191
Eno-Rase_NADH_b	94,89,227
Eno-Rase_FAD_bd	223,68,84
Enoyl_reductase	99,216,209
Rubrerythrin	214,77,220
dNK	68,190,77
Transgly_assoc	87,179,152
DUF3500	85,197,158
Peptidase_M10_C	72,217,76
Reprolysin_4	56,208,194
DUF5134	107,181,48
tRNA-synt_2	90,71,190
Glu_synthase	97,123,226
HPP	81,159,198
tRNA_anti-codon	215,103,173
PSD4	219,128,62
PSD2	83,184,175
PSD3	62,218,224
PSCyt3	203,90,210
DUF4388	60,145,197
PSD5	196,184,54
HXXSHH	223,99,133
DUF3854	160,223,57
VirE	73,229,161
LysM	200,86,203
DUF2381	227,112,179
Val_tRNA-synt_C	180,145,58
IAT_beta	77,180,115
AMNp_N	63,95,223
PDU_like	214,124,100
PTAC	189,51,141
FUSC	191,67,61
PocR	194,150,73
Big_1	80,184,154
CobS	54,202,144
PduV-EutP	60,201,169
RepL	101,102,220
DDR	204,137,51
EutN_CcmL	193,100,75
CobU	147,218,96
Dehydratase_SU	122,210,86
Dehydratase_LU	214,104,142
Dehydratase_MU	55,200,60
PBP5_C	228,82,164
RnfC_N	96,101,217
Haem_degrading	77,133,190
DUF4756	78,158,224
DBI_PRT	116,80,221
DUF496	215,119,97
Phage_AlpA	127,223,77
Peptidase_M90	60,208,154
BMC	184,205,98
Transcrip_reg	192,221,81
S6PP	182,78,181
GNAT_acetyltran	199,158,93
Peripla_BP_1	170,185,72
XdhC_C	79,186,134
XdhC_CoxI	206,94,146
EcoEI_R_C	75,190,66
tRNA-synt_1d	60,180,158
zf-NADH-PPase	120,179,85
NUDIX-like	223,84,158
HSDR_N	67,217,209
SBBP	54,187,121
zf-HYPF	182,102,84
NifU	183,133,85
Sua5_yciO_yrdC	183,139,65
NiFe_hyd_SSU_C	120,89,214
HycI	67,142,190
NiFeSe_Hases	207,95,194
HupF_HypC	147,55,217
HypD	68,196,130
GDPD_2	208,74,70
GrpB	216,82,117
AXE1	208,104,113
DUF2334	65,145,216
HypA	96,209,214
DUF4982	162,62,184
HXXEE	95,187,87
DUF4188	159,228,93
zf-C6H2	73,180,137
Glyco_trans_2_3	223,107,95
PRK	176,220,102
DUF3037	91,201,199
BKACE	176,96,196
Arabinose_bd	64,208,210
MEDS	198,120,52
DivIVA	213,106,117
OsmC	161,56,212
AAA_25	81,83,185
DUF3099	189,70,135
CCG	80,212,217
Fer4_8	180,196,91
Cytochrom_B_N_2	180,62,222
Caroten_synth	65,214,190
Chor_lyase	81,225,141
Glyco_hydro_43	62,179,73
Seryl_tRNA_N	220,109,118
Peripla_BP_6	94,183,81
Coq4	208,65,67
Gal_mutarotas_2	87,158,184
Glyco_hydro_31	102,121,211
T6SS_VasE	103,111,214
DotU	110,203,93
ImcF-related_N	93,191,96
IcmF_C	211,84,154
IcmF-related	91,203,105
Met_10	199,133,87
PqqA	90,137,191
DUF3224	194,63,193
HTH_Crp_2	87,137,202
DUF1697	84,200,100
IlvN	108,60,227
IlvC	54,198,169
IU_nuc_hydro	156,80,217
Cupin_3	221,163,91
AceK	199,93,220
Thioredoxin_3	181,201,98
1-cysPrx_C	80,189,172
DUF2938	131,219,62
zf-met2	225,99,217
F-box-like	174,79,212
4F5	220,95,212
SBF	139,96,196
UPF0014	208,153,93
OmpW	62,138,201
Porin_4	217,146,63
DUF4072	93,87,184
AsmA	208,59,109
Nramp	155,80,205
DUF442	73,189,97
Sas10_Utp3	124,95,209
UQ_con	55,85,203
EF1_GNE	79,188,193
EF-1_beta_acid	168,222,107
MMgT	178,84,121
Sas10	181,72,57
DUF697	141,192,52
UDG	64,224,60
DsrC	218,80,84
ABC_tran_CTD	180,67,143
Zn_Tnp_IS1	124,89,198
TnpB_IS66	64,191,138
HTH_Tnp_IS1	223,170,108
ZapC	104,143,210
OmpA_membrane	63,70,194
MOSC_N	209,103,209
ABC_trans_aux	99,207,73
Helicase_IV_N	163,77,182
THUMP	52,209,163
Lon_C	172,181,60
SulA	184,85,46
FUSC-like	228,66,214
PqiA	179,84,137
DUF1983	69,86,187
MatP	194,76,199
AAA_32	96,115,197
DDE_Tnp_IS66_C	179,66,173
UPF0020	89,182,69
zf-IS66	85,193,127
LZ_Tnp_IS66	68,66,227
Methyltrans_SAM	206,85,142
DUF3672	116,184,91
RMF	122,81,181
PA-IL	77,183,197
YccV-like	123,85,224
TfoX_C	112,212,84
DUF3390	127,211,86
Gas_vesicle	125,204,54
GvpO	67,127,179
DUF892	98,215,174
LUD_dom	102,213,153
Fer4	226,193,80
Ses_B	66,107,224
CRAL_TRIO_N	78,214,98
Ctr	68,211,69
CRAL_TRIO	86,127,210
RTA1	197,116,61
Ferric_reduct	64,69,204
Glyco_hydro_35	66,191,195
YceI	170,111,224
DUF29	104,61,184
Leu_Phe_trans	67,220,156
CM_1	180,55,208
MULE	197,53,186
HTH_psq	161,73,201
HIT	77,81,180
VWA	199,215,59
DUF4214	220,184,88
Caa3_CtaG	121,77,200
DUF1727	104,202,99
GATase_3	206,104,226
Imm10	74,109,191
DUF2243	104,195,94
TPR_7	197,220,70
Sod_Fe_C	193,115,61
Sod_Fe_N	63,202,157
VWA_2	58,213,93
DUF4073	117,201,72
LPMO_10	131,60,198
Ppx-GppA	195,138,51
NanE	94,199,217
DUF3291	173,185,85
Imm1	80,227,198
SCP1201-deam	208,61,98
Serpin	215,65,166
PEP-utilizers_C	65,113,188
AAA_26	93,118,228
Ribosomal_L23	65,158,189
Ribosomal_L23eN	178,197,82
DUF106	72,209,161
Prefoldin	53,174,179
IDO	188,79,75
Scytalone_dh	137,188,83
His_Phos_2	97,137,208
TRF	161,93,206
TRI9	143,217,73
Glyco_hydro_17	84,51,194
Cyt-b5	149,209,92
UPF0160	188,47,181
PRKCSH_1	140,56,206
TAF8_C	144,89,227
BolA	60,203,119
zf-Tim10_DDP	60,191,101
Ribosomal_S14	82,133,215
Not3	89,207,180
MCM	54,193,154
MCM_OB	121,80,221
Kinesin	178,194,67
Ribosomal_S25	85,85,178
cwf21	201,123,70
IF4E	90,67,208
C2	52,203,79
SBDS	104,225,214
AMMECR1	112,75,190
TB2_DP1_HVA22	175,52,210
eIF-6	98,211,81
Elong_Iki1	88,158,224
PRKCSH-like	223,170,78
Glyco_hydro_79C	93,93,204
Ribosomal_L19	108,217,162
DUF3543	215,90,119
Ribosomal_L7Ae	77,155,188
Ribonuc_red_sm	88,210,197
RNA_Me_trans	203,58,193
UPF0203	220,100,58
NOT2_3_5	183,82,157
CDH-cyt	82,194,55
Ndc1_Nup	202,55,77
DUF4451	219,211,76
SF1-HH	204,151,78
Arf	77,197,154
SIP1	71,128,193
Mt_ATP-synt_D	179,53,145
WLM	199,117,54
RIIa	215,92,91
SNF5	174,204,64
zf-CCHC	73,222,177
LIM	223,199,69
COX15-CtaA	128,221,107
EnY2	79,148,189
bZIP_1	186,195,96
KH_1	80,187,102
MCM_N	162,78,212
SLAC1	57,210,126
GILT	139,206,76
BTB	194,93,137
TFIID-31kDa	186,54,109
Metalloenzyme	138,204,83
DUF2934	112,81,217
DUF1737	186,58,147
PrpF	79,211,187
HLH	222,56,154
DUF3055	149,194,62
DrsE	60,184,153
T6SS_TssF	90,91,186
Na_Ala_symp	99,187,67
OST-HTH	138,184,54
ACC_central	50,65,192
DUF1275	87,188,62
Inhibitor_I36	105,224,207
B56	132,184,88
UBX	51,136,179
UBA_4	166,209,92
Cellulose_synt	210,94,179
SEP	193,91,120
PCRF	189,168,84
RF-1	78,76,196
Peptidase_S10	228,93,140
YGGT	224,215,98
GUB_WAK_bind	185,60,181
ARD	49,194,66
RVT_3	198,123,86
Bromodomain	70,179,75
zf-RVT	63,179,104
DUF223	213,65,196
U-box	223,108,158
HABP4_PAI-RBP1	79,217,132
WAK_assoc	204,97,76
LRRNT_2	211,72,136
LRR_8	206,99,148
Citrate_synt	217,199,102
Rax2	218,113,105
SMP	215,87,199
Ntox44	153,93,196
DUF4343	214,228,80
Peptidase_M15_4	79,118,198
Lipase_3	228,97,85
TIR_2	87,220,58
Acetyltransf_5	226,151,71
Spo0M	83,70,187
PaO	133,209,104
VitK2_biosynth	88,139,189
DUF108	161,227,84
DUF1003	127,221,74
DUF4180	188,58,73
Transposase_31	71,122,215
Vir_act_alpha_C	83,182,88
Flavodoxin_5	91,190,84
Hemocyanin_M	70,193,187
Hemocyanin_C	222,184,109
GCV_H	77,190,144
SDH_alpha	104,203,99
SDH_beta	68,217,124
SyrA	170,86,188
AbrB	95,98,223
Glyco_hydro_38C	78,69,180
tRNA-synt_1g	105,223,202
Lipase_2	176,191,89
Thymidylate_kin	94,201,134
MORN_2	215,114,88
Sacchrp_dh_C	207,175,94
Alpha-mann_mid	213,172,69
Peptidase_C70	73,204,212
Glyco_hydro_38	197,149,64
Lsr2	207,75,68
SAICAR_synt	75,117,191
DUF3526	179,178,52
PLDc_N	198,191,75
ATP-synt_ab_N	145,94,227
fn3_3	69,229,202
HTH_Tnp_Tc5	229,161,86
PIF1	94,205,197
DDE_1	168,57,187
CBM-like	179,212,62
Glyco_hydro_76	194,62,165
Glyco_hydro_125	131,64,189
OMP_b-brl_3	228,176,68
CbtA	181,124,50
CbtB	84,178,152
Redoxin	145,195,92
UpxZ	214,82,223
CitMHS	75,203,220
AAA_14	77,222,177
Polysacc_syn_2C	79,191,68
DUF4373	197,55,100
HmuY	192,65,149
ADK	200,63,145
DNA_pol3_beta_2	74,212,191
Colicin	49,186,118
Se-cys_synth_N	226,160,102
SelB-wing_3	77,192,121
DUF1906	179,135,79
Peptidase_M74	65,210,140
Peptidase_M15_3	188,97,226
DUF692	63,196,127
DUF4142	131,76,193
PTH2	140,74,189
Pep_deformylase	104,210,201
ACT_3	57,199,228
Ribosomal_L31	63,90,213
Peptidase_M6	94,186,68
DUF4389	214,164,99
Ribosomal_L33	82,52,197
Fic	225,135,106
Glyco_hyd_65N_2	203,56,162
RelA_SpoT	227,74,90
TerB	81,192,110
HtaA	52,186,164
FTR1	86,186,94
Prim-Pol	229,113,170
Peptidase_M75	199,93,215
Rsm22	136,87,180
DUF3631	53,205,86
GvpG	65,204,137
GvpL_GvpF	61,84,195
Glyco_hydro_11	204,165,59
Glyco_hydro_53	181,53,165
Peptidase_S24	180,76,105
LexA_DNA_bind	210,53,189
Helicase_C_2	70,108,178
CopD	94,216,110
CHB_HEX_C_1	126,178,80
BCA_ABC_TP_C	205,68,53
Peripla_BP_5	87,214,221
DNA_ligase_aden	49,184,68
HHH_2	223,81,103
DNA_ligase_OB	67,220,154
DUF2397	205,225,100
CbiA	143,82,224
NTP_transf_9	184,123,83
DUF1540	101,158,228
DUF998	213,150,59
Ribosomal_L28	191,73,161
DUF916	137,95,202
zf-HC2	179,173,84
Rho_N	124,198,58
D-ser_dehydrat	185,183,55
ChaB	221,180,93
Septum_form	113,199,62
QRPTase_C	89,196,148
CarD_CdnL_TRCF	216,93,82
DisA_N	202,89,54
YgbB	183,87,193
DisA-linker	108,198,85
QRPTase_N	75,204,226
Pan_kinase	184,180,48
FAA_hydrolase_N	136,220,99
ACT_6	99,192,209
PRA-CH	75,184,98
IGPD	202,51,127
ECF_trnsprt	174,181,77
Glycolipid_bind	188,87,104
Gln-synt_N_2	224,214,74
CobA_CobO_BtuR	83,191,87
CbiJ	228,98,187
Penicillinase_R	208,59,133
MetallophosC	187,57,77
MetallophosN	73,203,68
Mg_chelatase	199,220,103
CobN-Mg_chel	138,196,88
PNPase	77,110,213
LamB_YcsF	225,96,106
Peptidase_M16_C	199,79,180
DUF3686	216,107,168
DnaJ_C	97,143,214
DnaJ	207,80,207
RecR	118,195,60
VTC	202,100,147
DNA_pol3_gamma3	169,67,207
DUF952	93,186,69
Toprim_4	192,150,56
Lactococcin_972	202,100,222
PMSR	201,74,176
DUF520	82,217,182
Ribosomal_S19	66,199,57
Ribosomal_L2	213,207,104
Ribosomal_L22	190,183,69
Ribosomal_L2_C	193,151,57
Ribosomal_S10	99,223,207
Ribosomal_L4	62,201,93
Ribosomal_L3	197,86,167
UPF0102	81,199,67
tRNA_m1G_MT	69,212,172
ChlI	192,77,61
Mg_chelatase_C	224,211,78
RimM	203,57,98
DUF2469	108,59,186
PRC	89,112,204
DctQ	77,57,182
DctP	209,103,193
DctM	223,62,92
IPPT	211,87,157
SEC-C	86,60,197
PdxA	180,54,159
KdgT	106,76,205
DUF1028	136,84,207
DUF1537	217,82,111
DUF1357_C	155,211,77
PCuAC	55,206,196
Ribosomal_L32p	54,205,64
DUF3817	204,120,58
Phytase	131,94,205
MaAIMP_sms	78,123,205
SNF	66,100,219
DUF3626	88,221,140
UPF0016	186,57,147
Linocin_M18	89,100,181
GCS2	67,145,225
DUF2263	129,82,199
DUF4429	86,173,210
Ribonuc_red_2_N	186,62,61
ATP-cone	186,70,213
Ribonuc_red_lgC	53,200,190
HNH_2	150,101,220
NAGLU_C	193,58,179
NAGLU_N	223,96,140
NAGLU	129,224,85
RHH_1	104,197,67
Pentapeptide_3	200,213,59
Oxidored_q3	189,145,91
LtrA	67,220,169
DUF2892	93,174,209
DUF2267	77,216,179
DUF2795	193,75,159
T7SS_ESX1_EccB	68,185,144
DPRP	217,117,84
DUF4260	148,69,185
Glyco_hydro_130	103,69,200
He_PIG	219,101,229
AbfB	196,151,68
NTP_transf_5	191,137,74
Melibiase_2	186,142,93
DUF4132	192,105,90
ArabFuran-catal	226,62,95
peroxidase	202,91,121
MDMPI_C	69,145,202
FUR	167,195,50
Adenine_glyco	83,189,103
FHA	57,178,90
DUF2530	188,65,191
DUF3027	227,63,183
PSP1	202,76,135
DUF3732	65,198,57
Fructosamin_kin	86,95,185
Ribosomal_S4	219,191,78
Imm7	82,184,128
Potass_KdpF	135,89,205
KdpA	220,180,109
Fumerase	58,157,204
Fumerase_C	106,192,217
Dak2	107,200,62
GlcNAc	88,190,207
PrgI	210,83,189
Replic_Relax	190,66,82
AAA_10	78,227,218
DNA_methylase	154,197,70
DUF87	212,130,95
RyR	108,186,62
DUF4062	184,83,180
T2SSF	124,208,56
TadE	180,161,68
IF-2B	195,91,90
CBM_35	186,83,76
YaaC	149,180,84
RusA	85,152,190
ArsP_1	103,196,76
OAM_dimer	191,225,56
Lys-AminoMut_A	179,61,159
DUF1254	110,85,204
Ion_trans_2	72,141,189
CLP_protease	196,111,59
Competence	168,54,200
GTP-bdg_N	57,194,165
GTP-bdg_M	91,201,201
DNA_pol3_delta	196,60,53
HHH_3	58,214,96
Ribonuc_red_lgN	210,206,91
DUF179	170,74,192
UPF0060	200,87,216
Pectate_lyase	160,82,212
zf-UBP	58,178,143
KduI	88,187,158
DUF111	171,97,208
DUF498	182,124,55
AIRC	73,174,200
DUF4291	85,214,224
PFK	134,188,70
PASTA	84,217,212
Phosphoesterase	53,190,198
GAF_3	204,118,80
SseB_C	63,169,222
SHOCT	97,185,199
Pur_ac_phosph_N	179,54,170
Peptidase_M50B	182,98,63
PDZ_2	128,192,48
DUF89	214,160,106
DUF1214	58,99,204
DUF4916	144,187,83
DUF1349	60,112,200
HTH_AraC	104,226,131
PGA_cap	179,65,131
DUF21	76,67,187
BNR	69,193,58
DUF4173	70,56,210
CsbD	184,224,79
NicO	179,63,179
Cupin_7	121,57,179
RbpA	86,181,135
FxsA	225,150,75
Fasciclin	216,185,71
DUF3153	84,169,204
DUF2510	62,198,90
MspA	81,181,149
YaeQ	59,215,86
PseudoU_synth_2	226,76,228
Ribosomal_L14	199,87,200
Peptidase_M13_N	84,154,180
Peptidase_M13	204,149,86
Ribosomal_L29	70,190,177
KH_2	202,138,61
Ribosomal_L16	83,181,60
Ribosomal_L18p	220,108,173
Ribosomal_S3_C	77,159,219
Ribosomal_S17	192,85,189
TPM_phosphatase	84,126,184
DUF4442	192,50,128
Ribosomal_S8	115,86,204
ribosomal_L24	203,153,100
Ribosomal_L6	227,72,90
Ribosomal_L5	57,229,170
Ribosomal_L5_C	105,205,77
VapB_antitoxin	85,188,87
Cutinase	116,200,71
AftA_N	99,215,68
Arabinose_trans	95,198,74
AftA_C	141,193,90
Arabino_trans_C	89,181,112
DUF1304	180,105,74
Peptidase_M41	108,182,48
Pyrophosphatase	225,122,111
ATP_bind_3	97,189,207
DUF2277	94,96,196
DUF1266	199,170,93
DUF2752	79,184,112
DUF3180	87,199,138
FolB	113,204,65
TilS	92,75,220
HPPK	203,129,62
DUF4244	139,196,68
Zincin_2	162,226,85
tRNA_synt_2f	101,213,145
SOR_SNZ	92,196,180
PGPGW	46,93,182
CoaE	197,177,81
UvrB	201,213,95
DHFR_1	150,188,63
DUF3054	222,194,58
DUF3471	76,191,221
UPF0126	200,142,67
EIIC-GAT	119,80,183
EF-hand_5	212,67,161
PTS_IIB	106,212,56
PTS_EIIA_2	115,83,186
NHL	186,63,63
Peptidase_S51	84,201,194
Melibiase	74,185,172
Chlorophyllase	183,88,140
DUF1080	136,84,203
LacAB_rpiB	93,178,74
Fer2_3	214,154,54
DUF2568	221,213,107
DUF4190	184,90,99
SAD_SRA	109,221,161
DUF3152	66,169,188
FTSW_RODA_SPOVE	57,114,205
DUF262	101,154,211
SH3_3	109,88,194
TRAM	57,121,198
DUF3159	87,74,180
Fer2_4	73,181,142
Glyco_hydro_92	182,103,50
Glyco_hydro_4	179,76,90
ATPgrasp_Ter	105,179,82
Glyco_hydro_4C	57,182,124
NucS	188,51,193
DnaB	199,202,74
SPDY	78,121,222
DUF4396	155,209,76
ThuA	186,137,92
Transglycosylas	206,100,217
DUF2945	94,131,203
Lysyl_oxidase	147,50,191
TRCF	60,201,111
SelR	192,99,202
AFG1_ATPase	61,181,219
CTP_transf_1	98,187,226
vWA-TerF-like	67,198,196
MgtE_N	177,92,225
Ribosomal_S18	195,114,97
CHASE3	193,87,191
LMF1	83,130,202
Sdh_cyt	209,69,110
OHCU_decarbox	228,99,73
PT-HINT	89,200,163
DUF2269	97,93,228
dUTPase	119,187,76
bPH_1	147,59,213
ArAE_1	199,50,137
Yip1	122,88,178
HTH_6	214,118,93
CutC	164,87,203
DUF4031	190,224,61
MGDG_synth	190,187,76
PEP-utilisers_N	199,76,82
PTS-HPr	207,89,139
SSB	64,225,98
DUF721	179,169,66
NERD	81,85,195
HNH_5	81,194,210
HNH_3	185,59,127
DUF234	148,221,85
AdoMet_Synthase	161,214,63
F420_ligase	204,75,167
CcdA	54,114,192
PYC_OADA	181,121,72
DUF2871	90,178,49
ECH_2	141,65,215
CARDB	223,104,96
MobC	179,69,227
KAP_NTPase	74,192,200
DUF4192	218,55,95
Thioredoxin_5	183,108,70
ICL	209,76,110
DUF2083	220,220,109
RbsD_FucU	65,191,95
DUF4157	62,183,173
Peptidase_M7	204,144,80
FBP_C	216,87,207
Lyase_8	71,169,202
SIR2	83,217,165
Lyase_8_N	166,211,102
Lyase_8_C	99,228,81
Tricorn_C1	97,105,199
DUF4394	85,184,107
DUF4331	204,118,62
DUF1206	92,170,200
DUF756	178,124,88
Tail_P2_I	216,86,54
Phage_T4_gp19	76,212,108
GPW_gp25	131,60,182
PAAR_motif	184,150,70
Baseplate_J	156,184,58
Transglut_core2	145,180,83
TPR_9	128,97,219
DUF4265	53,61,194
NfeD	90,229,87
Exonuc_VII_S	127,67,194
FBPase_glpX	184,223,84
FumaraseC_C	150,80,199
Exonuc_VII_L	182,69,65
DUF4245	67,201,219
tRNA_anti_2	221,86,78
Peptidase_M18	53,210,170
DUF2154	190,73,196
RsbRD_N	198,167,89
DUF1059	97,197,90
Trehalose_PPase	83,128,204
DUF993	71,228,120
ArsC	197,52,109
ChiC	89,186,86
HisG_C	195,51,173
PRA-PH	228,187,59
HisG	212,55,174
RNHCP	140,86,190
DUF4281	99,150,200
Reprolysin_5	210,100,154
Enolase_N	188,63,147
Rho_RNA_bind	72,224,90
DUF1992	178,56,185
DUF2064	64,152,184
DUF3048	138,223,90
DUF1269	216,103,221
XFP	124,202,90
XFP_C	77,80,213
Glutaminase	96,137,229
XFP_N	67,129,191
Endonuclease_1	200,69,122
TPR_5	93,115,191
tRNA-synt_1e	131,218,83
Ni_hydr_CYTB	210,172,100
DUF3090	227,98,147
SSI	206,130,72
Phage_int_SAM_4	183,46,141
PTS_2-RNA	183,64,169
Phosphatase	62,193,58
DUF2690	168,200,78
BcrAD_BadFG	204,121,66
PKS_ER_names_mod	99,209,160
TIGR04532	56,129,81
